headline,date,category
The good samaritan of Johor,5 hours ago,SUNDAY VIBES
Bursa Malaysia declines at midday as Washington's tariff plan weighs on sentiment,"Jun 13, 2025 @ 1:27pm",CORPORATE
BAuto earnings miss prompts analysts to cut forecasts,"Jun 13, 2025 @ 9:49am",CORPORATE
Bond rally slows in Malaysia amid cooling July rate cut bets,"Jun 12, 2025 @ 2:00pm",CORPORATE
Telco sector outlook positive as Q1 earnings stay on track,"Jun 12, 2025 @ 9:13am",CORPORATE
Analyst sees possible OPR cut in Q3 as growth risks linger,"Jun 12, 2025 @ 8:54am",ECONOMY
"FBM KLCI rises to 1,524.31 at midday as market eyes US-China trade talks","Jun 11, 2025 @ 2:25pm",CORPORATE
"CIMB: India's duty cut, low stocks seen boosting Malaysian palm oil exports","Jun 11, 2025 @ 10:56am",ECONOMY
Bursa Malaysia opens firmer amid heavyweight buying support,"Jun 11, 2025 @ 10:33am",CORPORATE
Late selling pressure drags Bursa Malaysia into the red,"Jun 10, 2025 @ 6:19pm",CORPORATE
"Expanded SST to raise RM10bil annually, but may weigh on demand — Analyst","Jun 10, 2025 @ 4:01pm",ECONOMY
Risks flagged in Al-Aqar Healthcare Reit's overseas push,"Jun 10, 2025 @ 12:20pm",CORPORATE
Expanded SST set to weigh on consumer spending: Analyst,"Jun 10, 2025 @ 10:48am",CORPORATE
Analysts tie Stonepeak's Yinson interest to FPSO boom,"Jun 10, 2025 @ 8:30am",CORPORATE
"Bursa Malaysia ends in positive territory, awaits US-China trade talks","Jun 9, 2025 @ 6:35pm",CORPORATE
"IJM Corp, Muhibbah Engineering to benefit from ECRL spur line – CIMB Securities","Jun 9, 2025 @ 4:54pm",CORPORATE
Banking sector poised for stronger earnings: HLIB Research,"Jun 9, 2025 @ 2:31pm",CORPORATE
Bursa Malaysia ends morning session firmer,"Jun 9, 2025 @ 1:59pm",CORPORATE
CIMB: Sales boost for 99 Speed Mart with longer hours,"Jun 9, 2025 @ 11:37am",CORPORATE
AMMB's FBM KLCI comeback expected to draw index flows,"Jun 8, 2025 @ 2:35pm",CORPORATE
"Bursa opens firm on tech, AI investment optimism","May 29, 2025 @ 10:57am",CORPORATE
MPI shares tumble 10 pct in a week amid Wolfspeed bankruptcy concerns,"May 29, 2025 @ 10:17am",CORPORATE
Genting Q1 profit on track despite one-off charges,"May 29, 2025 @ 10:07am",CORPORATE
FBM KLCI ends slightly higher at midday on cautious sentiment,"May 28, 2025 @ 1:38pm",CORPORATE
Bursa Malaysia opens higher on bargain hunting,"May 28, 2025 @ 10:44am",CORPORATE
CIMB Securities upgrades Hap Seng Plantations to 'Buy' on solid fundamentals,"May 28, 2025 @ 10:13am",CORPORATE
Bursa Malaysia ends lower on profit-taking in financial counters,"May 27, 2025 @ 6:12pm",CORPORATE
"Tax incentives needed to drive motorsports development, says Yeoh","May 27, 2025 @ 1:37pm",MOTOR SPORTS
Bursa Malaysia opens easier on lack of market-moving news,"May 27, 2025 @ 10:30am",CORPORATE
TM's fibre deal with U Mobile to boost earnings by up to RM230mil in FY27 — CIMB,"May 27, 2025 @ 10:17am",CORPORATE
"KLK's earnings set to improve, says CIMB Securities","May 27, 2025 @ 9:59am",CORPORATE
Bursa Malaysia closes flat with key index slightly down,"May 26, 2025 @ 6:18pm",CORPORATE
CIMB: Only 4pct of firms beat expectations midway through Q1 earnings season,"May 26, 2025 @ 5:37pm",CORPORATE
Bursa Malaysia lower at midday on profit-taking,"May 26, 2025 @ 1:34pm",CORPORATE
NPE extension set to unlock RM5.6bil in economic benefits: analysts,"May 26, 2025 @ 11:59am",CORPORATE
Bursa Malaysia opens marginally higher but retreates thereafter,"May 26, 2025 @ 10:07am",CORPORATE
"Anwar highlights strong Malaysia-Laos ties, investment confidence [WATCH]","May 25, 2025 @ 4:32pm",NATION
Muted growth ahead for auto sector as subsidy reforms loom,"May 25, 2025 @ 3:18pm",ECONOMY
"Bursa Malaysia snaps 6-day losing streak, CI up on bargain hunting","May 23, 2025 @ 6:47pm",CORPORATE
Aliff Omar named CEO of Ekuinas,"May 23, 2025 @ 5:20pm",CORPORATE
Bursa Malaysia ends morning session marginally lower,"May 16, 2025 @ 1:12pm",CORPORATE
"AMMB's trade loan exposure minimal at 4.7pct, says CIMB Securities","May 16, 2025 @ 11:32am",CORPORATE
Analysts expect Axiata's core earnings to remain subdued until FY2027,"May 16, 2025 @ 10:34am",CORPORATE
Bursa Malaysia marginally higher in early trade,"May 16, 2025 @ 9:29am",CORPORATE
Bursa Malaysia ends lower on profit-taking,"May 15, 2025 @ 6:07pm",CORPORATE
Stocks removal from index may lead to RM146mil fund outflows,"May 15, 2025 @ 4:51pm",CORPORATE
Bursa Malaysia ends morning session lower,"May 15, 2025 @ 1:02pm",CORPORATE
Bursa Malaysia almost flat in early trade,"May 15, 2025 @ 9:56am",CORPORATE
Sunway REIT earnings revised upwards on strong retail performance,"May 15, 2025 @ 9:39am",CORPORATE
"Muhyiddin applies to transfer abuse of position, money laundering case to High Court [WATCH]","May 14, 2025 @ 3:12pm",CRIME & COURTS
FBM KLCI slightly lower at midday,"May 14, 2025 @ 1:47pm",CORPORATE
"CIMB reiterates 'Buy' on IJM Corp, citing smart IBS plant's role in sustainability push","May 14, 2025 @ 10:42am",CORPORATE
Palm oil stocks expected to climb 15pct in May on increased output,"May 14, 2025 @ 10:01am",ECONOMY
FBM KLCI opens marginally higher but turns lower in early trade,"May 14, 2025 @ 9:58am",CORPORATE
"MARKET PULSE PM MAY 13, 2025 [WATCH]","May 13, 2025 @ 7:00pm",CORPORATE
"CIMB cuts Berjaya Food forecasts amid weak Q3, sluggish sales recovery","May 13, 2025 @ 2:22pm",CORPORATE
Analysts caution on US-China tariff rollback's effect on glove makers,"May 13, 2025 @ 12:17pm",CORPORATE
CIMB: Westports' container throughput projected to rise by 2.5pct,"May 13, 2025 @ 12:16pm",CORPORATE
"US-China tariff cuts to lift Malaysian equities, KLCI target held at 1,657","May 13, 2025 @ 10:45am",CORPORATE
Bursa Malaysia opens higher with US-China tariff pause,"May 13, 2025 @ 10:00am",CORPORATE
"JS-SEZ to bolster Asean supply chain, drive regional innovation","Apr 30, 2025 @ 10:52am",CORPORATE
CIMB credit costs to normalise amid portfolio rebalancing,"Apr 30, 2025 @ 10:05am",CORPORATE
"CIMB confident about growth after solid 2024 results, meeting Forward23+ targets","Apr 29, 2025 @ 8:01pm",CORPORATE
Sime Darby Property issues RM800mil sukuk musharakah,"Apr 29, 2025 @ 6:35pm",CORPORATE
Bursa Malaysia ends lower on profit-taking,"Apr 29, 2025 @ 6:08pm",CORPORATE
Bursa Malaysia retreats at midday on continuous profit-taking,"Apr 29, 2025 @ 1:41pm",CORPORATE
CIMB: Nestlé Malaysia's earnings expected to weaken amid margin pressures,"Apr 29, 2025 @ 9:57am",CORPORATE
"CTOS earnings miss expectations, target price cut to RM1.30","Apr 28, 2025 @ 2:10pm",CORPORATE
Bursa Malaysia mixed at midday,"Apr 28, 2025 @ 1:34pm",CORPORATE
Bursa Malaysia to continue uptrend following MITI-US officials meeting,"Apr 25, 2025 @ 1:48pm",CORPORATE
Court allows Muhyiddin overseas travel to visit ill sister-in-law,"Apr 25, 2025 @ 12:42pm",CRIME & COURTS
Bursa Malaysia opens higher in tandem with positive Wall Street,"Apr 25, 2025 @ 10:51am",CORPORATE
Lower trading activity to weigh on Bursa Malaysia's 1Q earnings,"Apr 24, 2025 @ 9:47am",CORPORATE
"Bursa Malaysia ends at intraday high, breaks 1,500 key level","Apr 23, 2025 @ 6:28pm",CORPORATE
F&N to incur early losses from RM3bil dairy venture in Gemas,"Apr 23, 2025 @ 12:53pm",CORPORATE
"Bursa lower at midday, CI down 0.93pct on US tension","Apr 22, 2025 @ 1:07pm",CORPORATE
"Bursa opens lower on Trump-Fed row, trade fears","Apr 22, 2025 @ 10:04am",CORPORATE
Gamuda may bag extra jobs for estimated RM4bil Ulu Padas dam project,"Apr 22, 2025 @ 9:06am",CORPORATE
"Ringgit opens higher, traders eye key RM4.36 support","Apr 22, 2025 @ 8:37am",ECONOMY
Bursa Malaysia ends little changed on subdued trading,"Apr 21, 2025 @ 5:59pm",CORPORATE
Tech sector poised for relief rally on US tariff exemption,"Apr 14, 2025 @ 10:44am",CORPORATE
"Bursa opens higher on bargain hunting, Wall Street gains","Apr 14, 2025 @ 10:26am",CORPORATE
US tariffs pause may boost Malaysia's GDP [BTTV],"Apr 13, 2025 @ 2:10pm",ECONOMY
Bursa Malaysia pares earlier losses to end marginally lower,"Apr 11, 2025 @ 6:09pm",CORPORATE
CPO price to soften in Q2 as output recovers — Analysts,"Apr 11, 2025 @ 2:24pm",CORPORATE
Bursa Malaysia ends morning session lower,"Apr 11, 2025 @ 1:32pm",CORPORATE
Stable credit costs prompt 'Buy' call on Alliance Bank,"Apr 11, 2025 @ 9:48am",CORPORATE
Bursa Malaysia ends morning session firmer,"Apr 10, 2025 @ 1:12pm",CORPORATE
"Bidding for Penang Airport main terminal project set for May, estimated at RM1.2bil","Apr 10, 2025 @ 12:23pm",CORPORATE
CIMB Securities maintains 'Hold' on Nestlé Malaysia with RM92 target price,"Apr 10, 2025 @ 10:06am",CORPORATE
AmBank's CFO Syafiq Abdul Jabbar to step down,"Apr 9, 2025 @ 7:30pm",CORPORATE
Bursa Malaysia slips further at midday,"Apr 9, 2025 @ 2:03pm",CORPORATE
"Trade calm, not war: Why Malaysia's no-tariff move makes sense","Apr 9, 2025 @ 12:30pm",INSIGHT
Local glovemakers may see upside as US mulls higher tariffs on China,"Apr 9, 2025 @ 11:08am",CORPORATE
Riding the wave,"Apr 9, 2025 @ 9:03am",ECONOMY
FBM KLCI ends almost flat on cautious sentiment,"Apr 8, 2025 @ 5:38pm",CORPORATE
Malaysian glove makers to gain from further US tariff hike on China,"Apr 8, 2025 @ 2:04pm",CORPORATE
CIMB: Local construction sector stays resilient amid global headwinds,"Apr 7, 2025 @ 2:31pm",CORPORATE
"US tariffs to impact palm oil demand and prices, says CIMB Securities","Apr 7, 2025 @ 2:29pm",CORPORATE
"Bursa Malaysia broadly lower at midday, CI down 4.33pct","Apr 7, 2025 @ 1:18pm",CORPORATE
"Banking, consumer product stocks lift FBM KLCI at midday","Mar 24, 2025 @ 1:34pm",CORPORATE
"Analysts revise downward IJM's earning forecast, target price","Mar 24, 2025 @ 11:30am",CORPORATE
US$10.5mil fine to Nevada authority 'reasonable and manageable' for Genting: Analyst,"Mar 24, 2025 @ 10:33am",CORPORATE
Bursa Malaysia gives up early gains amid weak sentiment,"Mar 24, 2025 @ 9:52am",CORPORATE
Grandfather's heartfelt plea to save grandson battling stage four cancer,"Mar 22, 2025 @ 5:06pm",NATION
Top Glove may see slight dip in glove demand: CIMB Securities,"Mar 21, 2025 @ 9:50am",CORPORATE
Bursa Malaysia mixed at midday,"Mar 20, 2025 @ 1:24pm",CORPORATE
CIMB: Potential earnings growth for Alliance Bank on stronger SME business,"Mar 20, 2025 @ 10:55am",CORPORATE
CIMB: Tighter US AI chip restrictions may impact Malaysian industry players,"Mar 20, 2025 @ 10:52am",CORPORATE
"SC charges former head of dealing over securities fraud, money laundering","Mar 19, 2025 @ 10:11pm",CORPORATE
"Bursa Malaysia stays lower at midday, bucks regional trend","Mar 19, 2025 @ 12:59pm",CORPORATE
UEM Sunrise's partnership with GuocoLand to yield long-term benefits,"Mar 19, 2025 @ 11:06am",CORPORATE
Bursa Malaysia lower in early trade as it tracks Wall St decline,"Mar 19, 2025 @ 10:17am",CORPORATE
Financial markets remain resilient amid external risks,"Mar 19, 2025 @ 8:57am",ECONOMY
Nestlé Malaysia's share price falls 32pct YTD; valuation remains elevated,"Mar 19, 2025 @ 8:04am",CORPORATE
Bursa Malaysia opens higher on renewed sentiment,"Mar 17, 2025 @ 9:48am",CORPORATE
Blue chips billion-ringgit bleed — is recovery in sight?,"Mar 17, 2025 @ 8:08am",CORPORATE
"FBM KLCI rallies as best-performing index, rebounding from five day sell-off","Mar 13, 2025 @ 6:05pm",CORPORATE
"Bargain hunting lifts Bursa Malaysia at midday, CI up 1.49pct","Mar 13, 2025 @ 2:17pm",CORPORATE
Strong domestic spending to cushion Malaysia's economy amid headwinds,"Mar 13, 2025 @ 9:39am",ECONOMY
Bursa Malaysia turns mixed at midday,"Mar 3, 2025 @ 1:24pm",CORPORATE
"Lower billings, asset sales drag MRCB's profit down","Mar 3, 2025 @ 10:59am",CORPORATE
Nestlé to gain momentum in Q1 on improving consumer sentiment,"Mar 2, 2025 @ 2:51pm",CORPORATE
Analyst keep 'Buy' call on Hap Seng Plantations,"Mar 2, 2025 @ 2:49pm",CORPORATE
Analysts anticipate higher dividends from Public Bank in FY2025,"Mar 2, 2025 @ 1:29pm",CORPORATE
CIMB Group targets 5-7pct loan growth in 2025,"Feb 28, 2025 @ 5:36pm",CORPORATE
"CIMB's FY24 earnings up 10.7pct, pays RM2.14bil dividend","Feb 28, 2025 @ 3:55pm",CORPORATE
Bursa Malaysia remains in the red at midday in sync with regional peers,"Feb 28, 2025 @ 12:58pm",CORPORATE
MR DIY braces for tough outlook as sales slow: analysts,"Feb 28, 2025 @ 11:02am",CORPORATE
Genting expected to record RM22mil net loss in Q4,"Feb 28, 2025 @ 10:37am",CORPORATE
IHH Healthcare poised for 10pct earnings increase in FY25 despite challenges,"Feb 28, 2025 @ 9:31am",CORPORATE
Bursa Malaysia closes lower on risk-off sentiment,"Feb 27, 2025 @ 6:01pm",CORPORATE
Analysts keep 'Buy' call on Time Dotcom on stronger earnings growth,"Feb 27, 2025 @ 11:39am",CORPORATE
Bursa Malaysia ends morning trading session in positive territory,"Feb 26, 2025 @ 2:39pm",CORPORATE
Bursa Malaysia slightly higher in early trade,"Feb 26, 2025 @ 10:06am",CORPORATE
Persistent trade policy uncertainty drags Bursa Malaysia down,"Feb 25, 2025 @ 6:10pm",CORPORATE
"Bursa Malaysia stays in the red at midday, in sync with regional peers","Feb 25, 2025 @ 1:17pm",CORPORATE
Bursa Malaysia lower at midday amid mixed regional performance,"Feb 24, 2025 @ 1:29pm",CORPORATE
"Bursa Malaysia opens lower, tracking Wall Street's slump","Feb 24, 2025 @ 10:02am",CORPORATE
"News@9: Today's top headlines - Feb 21, 2025 [WATCH]","Feb 21, 2025 @ 9:02pm",NATION
"Special dividend likely, given MPI's strong net cash positon - CIMB Securities","Feb 13, 2025 @ 2:42pm",CORPORATE
"Bursa Malaysia ends morning trade easier, CI down 6.23pts","Feb 13, 2025 @ 1:29pm",CORPORATE
99 Speed Mart warrants slide amid stock consolidation,"Feb 13, 2025 @ 8:00am",CORPORATE
"Bursa Malaysia rallies to end above 1,600 points on renewed investor optimism","Feb 12, 2025 @ 5:58pm",CORPORATE
"Construction sector hits RM158.bil in 2024, may remain robust","Feb 12, 2025 @ 4:31pm",CORPORATE
Local palm oil stocks expected to drop 7pct in February,"Feb 12, 2025 @ 11:16am",CORPORATE
Sime Darby poised for earnings growth led by industrial division expansion,"Feb 12, 2025 @ 8:03am",CORPORATE
Forest City SFZ has potential to attract affluent to ultra-high-net-worth individuals,"Feb 11, 2025 @ 5:14pm",ECONOMY
Keerti is a Sivasangari in the making,"Feb 10, 2025 @ 1:03pm",OTHERS
"CIMB allocates RM3.6mil to support 9,000 PPR residents","Feb 9, 2025 @ 12:00pm",CORPORATE
Govt won't rush to finalise T15 income threshold,"Feb 8, 2025 @ 4:00pm",NATION
[UPDATED] Cooperation between community and government agencies key to ensure programme achieve objectives,"Feb 8, 2025 @ 2:48pm",NATION
"F&N likely to face ongoing margin pressure from rising costs, startup expenses","Feb 8, 2025 @ 8:01am",CORPORATE
Bursa Malaysia remains higher at midday,"Feb 7, 2025 @ 2:16pm",CORPORATE
"Police urge stricter company registration, bank account rules to combat scams","Feb 7, 2025 @ 10:09am",NATION
Bursa Malaysia eyes rebound in February,"Feb 7, 2025 @ 8:13am",CORPORATE
[UPDATED] Consultant conned of RM2.8mil,"Feb 6, 2025 @ 6:26pm",NATION
Gamuda may get up to RM4bil jobs for Ulu Padas hydro dam: CIMB Securities,"Feb 6, 2025 @ 11:57am",CORPORATE
Witness testifies to meeting Wan Saiful's representative on Jana Wibawa project,"Feb 5, 2025 @ 8:56pm",CRIME & COURTS
Prosecution objects to Wan Saiful's application to obtain Nepturis bank statements,"Feb 4, 2025 @ 6:18pm",CRIME & COURTS
Bursa Malaysia stays in the red at midday on continuous profit-taking,"Jan 23, 2025 @ 1:39pm",CORPORATE
"Sunway Healthcare hires banks for RM3 billion IPO, sources say","Jan 23, 2025 @ 12:49am",CORPORATE
CIMB promotes Malaysia as dynamic investment hub,"Jan 20, 2025 @ 6:14pm",CORPORATE
Another strong year for EVs in Malaysia,"Jan 20, 2025 @ 1:55pm",CARS BIKES TRUCKS
Bursa Malaysia turns positive at midday on improved sentiment,"Jan 20, 2025 @ 1:11pm",CORPORATE
Bursa Malaysia opens lower despite Wall St gains,"Jan 20, 2025 @ 10:21am",CORPORATE
CIMB announces senior leadership changes,"Jan 17, 2025 @ 5:48pm",CORPORATE
Malaysia's diverse growth drivers poised to sustain GDP growth this year,"Jan 17, 2025 @ 4:54pm",ECONOMY
"Bursa Malaysia slips in early trade, tracking weaker Wall Street performance","Jan 17, 2025 @ 9:41am",CORPORATE
'Neutral' rating on auto sector amid heightened market competition,"Jan 16, 2025 @ 11:43am",CARS BIKES TRUCKS
Malaysia's new vehicle sales may slide 7pct this year,"Jan 15, 2025 @ 5:17pm",CORPORATE
Bursa Malaysia ends morning session weaker on continued selling,"Jan 15, 2025 @ 1:15pm",CORPORATE
U Mobile signs MoU with CIMB to finance 5G network rollout,"Jan 15, 2025 @ 11:40am",CORPORATE
Yinson share price up after securing US$1bil investment,"Jan 15, 2025 @ 10:40am",CORPORATE
Gamuda unit bags RM8.3bil Penang Mutiara Line job,"Jan 13, 2025 @ 4:04pm",CORPORATE
[UPDATED] Bursa Malaysia's key index down 1.2pct at midday as investors take cover,"Jan 13, 2025 @ 1:03pm",CORPORATE
Malaysia's 2025 GDP to hold steady at 5pct: CIMB Securities,"Jan 13, 2025 @ 12:31pm",ECONOMY
"Bursa Malaysia opens lower, tracking Wall Street losses","Jan 13, 2025 @ 10:10am",CORPORATE
Robust growth for Malaysia's tech sector in 2025,"Jan 12, 2025 @ 3:52pm",CORPORATE
Bursa Malaysia falls as US jobs data hints at January rate cut pause,"Jan 9, 2025 @ 10:27am",CORPORATE
CIMB Securities: Optimistic outlook for insurance sector,"Dec 22, 2024 @ 11:06am",CORPORATE
ISP Group unveils Malaysia's maiden ABS sukuk via RM2bil issuance,"Dec 19, 2024 @ 4:08pm",CORPORATE
Indonesian arm of Malaysia's Mr DIY drops on market debut,"Dec 19, 2024 @ 11:55am",CORPORATE
Malaysia's stronger-than-expected November export growth was driven by pre-tariff trade,"Dec 19, 2024 @ 10:32am",CORPORATE
"CIMB, PayNet unveil payment terminal to streamline invoicing for SMEs","Dec 18, 2024 @ 11:12am",CORPORATE
"Property sector third-best performer on FBM KLCI, driven by strong growth in data centres.","Dec 18, 2024 @ 10:57am",PROPERTY
Malaysia poised to benefit from Trump administration's potential trade policies,"Dec 17, 2024 @ 3:34pm",CORPORATE
Challenges and opportunities for Malaysia's auto sector in 2025,"Dec 17, 2024 @ 11:34am",CARS BIKES TRUCKS
CIMB Securities keeps 'overweight' rating on building materials sector,"Dec 17, 2024 @ 8:01am",CORPORATE
Infrastructure projects rollout could fuel stronger construction stocks rally - Analyst,"Dec 16, 2024 @ 10:33am",CORPORATE
"Jana Wibawa project: PMO recommended five companies, including Nepturis: Witness","Dec 13, 2024 @ 8:16pm",CRIME & COURTS
"CIMB, China's banking giant to enhance Chinese firms' expansion into Asean","Dec 13, 2024 @ 11:53am",CORPORATE
Bermaz Auto's earnings revised by CIMB Securities on expected lower sales volume,"Dec 13, 2024 @ 9:26am",CORPORATE
"Wan Saiful's corruption trial: Witness confirms RM976,380 deposited into 3 firms' accounts","Dec 12, 2024 @ 6:54pm",CRIME & COURTS
Several developers to delay KL launches in 2025,"Dec 12, 2024 @ 4:21pm",PROPERTY
"FBM KLCI rises above 1,600 at midday on market rebound","Dec 12, 2024 @ 2:20pm",CORPORATE
Bursa Malaysia in negative territory after as-expected US inflation data,"Dec 12, 2024 @ 10:52am",CORPORATE
"Upward trend in consumer sector, says CIMB Securities","Dec 12, 2024 @ 9:38am",ECONOMY
"Indonesia's Panin Bank stake sale draws Southeast Asia lenders, sources say","Dec 10, 2024 @ 12:25pm",CORPORATE
Finance Ministry to channel allocation to speed up repair work in flood-hit schools [WATCH],"Dec 7, 2024 @ 3:07pm",NATION
MBM Resources outperforms expectations on strong Perodua sales,"Nov 26, 2024 @ 11:20am",CORPORATE
SP Setia on track to achieve RM4.4bil sales target for 2024: CIMB Securities,"Nov 26, 2024 @ 11:18am",PROPERTY
"Inflation may rise to 2.7 pct in 2025, driven by RON95 subsidy reform, higher minimum wages [BTTV]","Nov 26, 2024 @ 10:44am",ECONOMY
"Bursa Malaysia holds firm near 1,600 level, tracks Wall Street's upswing","Nov 26, 2024 @ 10:10am",CORPORATE
"Bursa Malaysia maintains positive momentum to close higher, CI up 0.48 pct","Nov 25, 2024 @ 6:14pm",CORPORATE
Indonesian arm of Malaysia's Mr DIY seeks to raise US$297mil in IPO,"Nov 25, 2024 @ 3:49pm",CORPORATE
'Disappointing' Q3 corporate earnings' could weigh on KLCI performance: CIMB Securities,"Nov 25, 2024 @ 10:54am",CORPORATE
Flat earnings for SD Guthrie in Q4?,"Nov 23, 2024 @ 8:01am",CORPORATE
"CIMB celebrates unity, culture and resilience of young talent","Nov 22, 2024 @ 5:38pm",NATION
"#SHOWBIZ: CIMB celebrates unity, culture, and resilience of young talent","Nov 22, 2024 @ 2:45pm",GROOVE
"Stable performance for Dialog with rising upstream, midstream activities","Nov 22, 2024 @ 2:18pm",CORPORATE
Analysts cut SD Guthrie earnings forecasts on lower output,"Nov 22, 2024 @ 11:01am",CORPORATE
Analysts predict strong 4Q for Aeon Co on festive season sales,"Nov 22, 2024 @ 10:37am",CORPORATE
"No immediate need for KL-Singapore HSR amid fiscal constraints, say experts [BTTV]","Nov 22, 2024 @ 8:05am",CORPORATE
"Accept RM11 offer, MAHB investors told","Nov 19, 2024 @ 8:03am",CORPORATE
Kossan Rubber shares rise in early trade after surprise special dividend,"Nov 18, 2024 @ 12:16pm",CORPORATE
CIMB Securities urges shareholders to accept Khazanah-led consortium's RM11 offer to privatise MAHB,"Nov 18, 2024 @ 11:39am",CORPORATE
Analysts see bigger losses for Starbucks Malaysia operator in FY25 as boycott drags,"Nov 15, 2024 @ 11:11am",CORPORATE
MMHE's earnings forecasts downgraded despite sharp turnaround,"Nov 14, 2024 @ 10:16am",CORPORATE
Hartalega to post better earnings on line expansion: HLIB Research,"Nov 13, 2024 @ 10:07am",CORPORATE
Bursa Malaysia rises as Wall Street gains boost sentiment,"Nov 4, 2024 @ 10:03am",CORPORATE
BAT Malaysia shares rise after reporting higher sales volume for Q3,"Nov 1, 2024 @ 11:56am",CORPORATE
"MARKET PULSE AM NOV 1, 2024 [WATCH]","Nov 1, 2024 @ 11:00am",CORPORATE
Bursa Malaysia gets earnings upgrade from CIMB Securities,"Nov 1, 2024 @ 9:13am",CORPORATE
Analysts: RON95 subsidy removal may add speed bumps to vehicle sales,"Oct 30, 2024 @ 4:41pm",CARS BIKES TRUCKS
"Unisem could be hurt by minimum wage hike, proposed foreign workers' EPF contribution","Oct 30, 2024 @ 9:26am",CORPORATE
Bursa Malaysia marginally lower at midday on weak sentiment,"Oct 25, 2024 @ 2:10pm",CORPORATE
"Malaysia to sustain ringgit strength on steady OPR, narrowing fiscal gap","Oct 25, 2024 @ 11:15am",ECONOMY
Queen launches CIMB Artober showcase,"Oct 24, 2024 @ 2:09pm",NATION
Bursa Malaysia ends morning trading lower amidst weak sentiments,"Oct 24, 2024 @ 2:01pm",CORPORATE
Robust demand for Malaysian gloves: CIMB Securities,"Oct 24, 2024 @ 8:00am",ECONOMY
Family of Malaysian involved in accident in Singapore seeks public assistance,"Oct 24, 2024 @ 6:36am",NATION
Bursa Malaysia slightly higher at midday due to mild buying activity,"Oct 23, 2024 @ 1:14pm",CORPORATE
"Bursa Malaysia opens stronger, despite Wall Street's mixed performance","Oct 23, 2024 @ 10:32am",CORPORATE
New measures in Budget 2025 pose challenges for upstream planters,"Oct 23, 2024 @ 8:02am",CORPORATE
Malaysia's economy remains robust although Q3 growth eases: CIMB Securities,"Oct 22, 2024 @ 12:19pm",ECONOMY
Bursa Malaysia's early gains erode as investors lock in profits,"Oct 22, 2024 @ 10:16am",CORPORATE
"Investors may shift focus to higher-growth stocks, tax-efficient products : CIMB Securities","Oct 21, 2024 @ 2:38pm",CORPORATE
Malaysia's exports to remain modest in coming months: HLIB,"Oct 21, 2024 @ 11:40am",CORPORATE
Alif Teega and wife to face joint charges in charity fraud trial [WATCH],"Oct 21, 2024 @ 11:27am",CRIME & COURTS
"Bursa Malaysia ends lower in line with Indonesia, Taiwan markets","Oct 4, 2024 @ 1:42pm",CORPORATE
Energy stocks defy market trend with oil rally,"Oct 4, 2024 @ 1:26pm",CORPORATE
Smooth-talking conman charged with cheating [WATCH],"Oct 4, 2024 @ 11:51am",CRIME & COURTS
Late interest in heavyweights pushes Bursa Malaysia higher,"Oct 3, 2024 @ 6:16pm",CORPORATE
"[UPDATED] Budget 2025: It's now or never for GST, say analysts [BTTV]","Oct 3, 2024 @ 10:50am",CORPORATE
"FBM KLCI falls 1pct to below 1,640  pts on Middle East tension","Oct 2, 2024 @ 6:08pm",CORPORATE
"CIMB Bank, CIMB Islamic partner CGC to offer RM1.5b more loans to SMEs","Oct 1, 2024 @ 7:12pm",SME
Bursa Malaysia ends lower at midday on geopolitical concerns in Middle East,"Sep 30, 2024 @ 1:04pm",CORPORATE
Analyst raises Affin target price on potential RM4b Sarawak deposit after stake increase,"Sep 30, 2024 @ 9:32am",CORPORATE
Court sets Dec 9 to hear prosecution application for joint trial of Muhyiddin's seven charges,"Sep 27, 2024 @ 3:09pm",CRIME & COURTS
PM: Private sector involvement key to AI education development,"Sep 26, 2024 @ 3:51pm",NATION
"Bursa Malaysia's outlook remains robust, says Abdul Wahid","Sep 26, 2024 @ 3:16pm",CORPORATE
"Maxis leading second 5G network race, says CIMB Securities","Sep 26, 2024 @ 8:01am",CORPORATE
Wawasan 2020 and Destiny steal the show,"Sep 25, 2024 @ 11:34am",FOOTBALL
Malaysia's inflation to remain benign as CIMB Securities lowers 2024 forecast to 1.9pct,"Sep 24, 2024 @ 9:37am",ECONOMY
"Malaysia's headline inflation at 1.8pct in August, expected to remain low for 2024","Sep 23, 2024 @ 8:52pm",ECONOMY
Kedah Zakat gets paddy harvester from CIMB Islamic for cost saving,"Sep 23, 2024 @ 3:30pm",CORPORATE
Bursa Malaysia ends morning session lower,"Sep 23, 2024 @ 1:17pm",CORPORATE
"Alif Teega, wife claim trial to misappropriating RM1.5 million in donations","Sep 23, 2024 @ 12:15pm",CRIME & COURTS
"Socmed influencer Alif Teega, wife expected to be charged tomorrow","Sep 22, 2024 @ 6:22pm",CRIME & COURTS
CIMB Securities: Rise in construction spending by Q4,"Sep 9, 2024 @ 8:02am",ECONOMY
Chief secretary leads recipients of federal awards in conjunction with King's birthday,"Sep 7, 2024 @ 1:22pm",NATION
"Malaysia will still benefit under Trump or Harris' policies due to trade diversion, reshoring","Sep 6, 2024 @ 6:40pm",CORPORATE
Unit trust agent charged with cheating arts board of RM100 million,"Sep 6, 2024 @ 1:18pm",CRIME & COURTS
Analysts expect Bank Negara to keep OPR at 3.00 pct for the rest of the year,"Sep 6, 2024 @ 10:36am",CORPORATE
CIMB unveils 'Kita Bagi Jadi' campaign,"Sep 5, 2024 @ 8:00am",NATION
'Overweight' stance on banking sector: CIMB Securities,"Sep 4, 2024 @ 1:58pm",CORPORATE
"RAM Ratings: Local banks did better, fueled by mild recovery in net interest margins","Sep 4, 2024 @ 1:45pm",CORPORATE
Global equity sell-off weighs on Bursa Malaysia at midday,"Sep 4, 2024 @ 1:08pm",CORPORATE
A-GC bins Bersatu leader's representation on 12 corruption and money laundering charges,"Sep 4, 2024 @ 10:19am",CRIME & COURTS
Second 5G network: Developers to be announced soon,"Sep 3, 2024 @ 7:40pm",NATION
Creative industry and telecommunications to be key Budget 2025 focus: Fahmi,"Sep 3, 2024 @ 7:15pm",NATION
Q2 2024 earnings signal a positive shift for corporate profits,"Sep 3, 2024 @ 12:49pm",CORPORATE
"Banking, O&G stocks key bright spots","Aug 31, 2024 @ 7:55am",CORPORATE
Malaysian army officer to bolster cybersecurity expertise in UK with prestigious Chevening scholarship,"Aug 30, 2024 @ 11:22pm",NATION
Ringgit may strengthen to 4.22 versus US dollar in 2024: CIMB's CFO,"Aug 30, 2024 @ 9:55pm",ECONOMY
Special needs educator among 32 Chevening scholarship recipients,"Aug 30, 2024 @ 8:23pm",NATION
CIMB has nearly RM5bil of data centre deals in pipeline: Group CEO,"Aug 30, 2024 @ 7:37pm",CORPORATE
CIMB on challenging Thai market due to interest margin cap,"Aug 30, 2024 @ 7:32pm",CORPORATE
CIMB posts 10.6pct higher net profit to RM1.96bil in Q2,"Aug 30, 2024 @ 6:12pm",CORPORATE
Bursa Malaysia closes marginally higher ahead of US inflation data release,"Aug 14, 2024 @ 6:14pm",CORPORATE
Syed Saddiq gets temporary release of passport to travel to Bangkok,"Aug 14, 2024 @ 1:17pm",CRIME & COURTS
Verdict on Muhyiddin's application for review rescheduled to Sept 11,"Aug 12, 2024 @ 11:00pm",NATION
"GDP could be revised higher to 6.0 pct, according to analysts","Aug 11, 2024 @ 4:57pm",ECONOMY
Selangor semiconductor chip design park a positive catalyst for boosting ecosystem - analyst,"Aug 7, 2024 @ 9:27am",ECONOMY
"FBM KLCI stages recovery, soars 2pct at midday","Aug 6, 2024 @ 1:15pm",CORPORATE
"Analyst positive on BFood's Nordic venture, flags high gearing ratio","Aug 6, 2024 @ 11:23am",CORPORATE
"Court sets Sept 4 to hear Adam Radlan's representation decision on corruption, money laundering charges","Aug 6, 2024 @ 11:07am",CRIME & COURTS
Local banks to see a resurgence of foreign investors,"Aug 6, 2024 @ 8:07am",CORPORATE
Ann Joo's expansion to trailblaze entry into energy transition sector,"Aug 4, 2024 @ 2:49pm",CORPORATE
CTOS' 1H earnings below expectations: HLIB Research,"Aug 2, 2024 @ 12:20pm",CORPORATE
"More than RM400,000 from travel agency deposited into former Perlis MB's bank accounts, court told","Aug 2, 2024 @ 11:25am",CRIME & COURTS
F&N may report lower earnings due to sluggish domestic sales,"Aug 2, 2024 @ 10:44am",CORPORATE
KFH's exit reflects highly competitive banking sector in Malaysia: Observers,"Aug 2, 2024 @ 8:53am",CORPORATE
"O&G downstream players may see limited earnings with oversupply, subsidy rationalisation","Aug 1, 2024 @ 12:19pm",CORPORATE
CRESS a positive move for renewable energy,"Aug 1, 2024 @ 10:34am",CORPORATE
Azmil Zahruddin appointed chairman and director of Cimb Thai Bank,"Aug 1, 2024 @ 10:30am",CORPORATE
Positive market sentiment bouyed by Q2 GDP estimates,"Aug 1, 2024 @ 8:01am",CORPORATE
Bursa Malaysia ends higher on buying interest in financial heavyweights,"Jul 31, 2024 @ 6:20pm",CORPORATE
Bursa Malaysia to raise dividend payout in 2H?,"Jul 31, 2024 @ 10:22am",CORPORATE
"Bersatu's Adam Radlan files representation on corruption, money laundering charges [WATCH]","Jul 9, 2024 @ 4:07pm",CRIME & COURTS
HLIB Research maintains 'Hold' call on CIMB,"Jul 8, 2024 @ 9:25am",CORPORATE
CIMB becomes first bank in Malaysia to set 2030 carbon reduction target for high-emitting sectors,"Jul 3, 2024 @ 12:05pm",ESG
"TnG Digital unveils e-Mas, target 500,000 e-wallet users to subscribe","Jul 2, 2024 @ 2:09pm",CORPORATE
"Bursa Malaysia ends morning session higher, key index fails to stay above 1,600","Jul 2, 2024 @ 2:05pm",CORPORATE
Raja Teh Maimunah named as Bursa Malaysia's public interest director,"Jun 28, 2024 @ 6:46pm",CORPORATE
Admin assistant claims trial to charges of accepting bribes to sub-divide land,"Jun 26, 2024 @ 2:49pm",CRIME & COURTS
"Gamuda aims to double revenue to RM30bil, raise orderbook to over RM30bil","Jun 26, 2024 @ 9:37am",CORPORATE
MAHB hits air traffic milestone,"Jun 26, 2024 @ 8:07am",CORPORATE
"Witness confirms RM78,800 transfer from Wan Saiful & Associates Sdn Bhd to automotive company","Jun 25, 2024 @ 8:47pm",CRIME & COURTS
Bursa Malaysia stays higher at mid-morning,"Jun 25, 2024 @ 12:31pm",CORPORATE
"CIMB Securities revises Malaysia's 2024 vehicle sales to 751,000 units from 727,000 [BTTV]","Jun 25, 2024 @ 9:54am",CORPORATE
Bursa Malaysia marginally lower at midday,"Jun 24, 2024 @ 2:56pm",CORPORATE
Nazir Razak's Ikhlas Capital investing up to US$40mil in Singapore's Food Empire [BTTV],"Jun 24, 2024 @ 11:57am",CORPORATE
WCT's RM250mil highway job margin in upper mid-single digit range: CIMB Securities,"Jun 24, 2024 @ 8:25am",CORPORATE
89 Malaysian companies make Fortune's top 500 companies in Southeast Asia,"Jun 18, 2024 @ 1:51pm",CORPORATE
"Bursa Malaysia stages rebound as fed decision, cooler US inflation fuel buying interest","Jun 13, 2024 @ 10:13am",CORPORATE
"Gamuda, WCT Holdings seen as front-runners for Penang International Airport main packages","Jun 13, 2024 @ 9:15am",CORPORATE
Research firms also keep their OPR forecasts at 3pc for rest of this year,"Jun 11, 2024 @ 8:31am",ECONOMY
"Analysts say RON95 subsidy rationalisation likely to happen in Q4 2024, at the earliest [WATCH]","Jun 10, 2024 @ 11:23am",ECONOMY
Bursa Malaysia closes higher driven by foreign buying,"May 14, 2024 @ 5:56pm",CORPORATE
Former aviation regulator executive chairman Nungsari Ahmad Radhi appointed as MAHB's chairman,"May 13, 2024 @ 8:24pm",CORPORATE
"OPR to stay at 3pc for rest of the year, say analysts","May 11, 2024 @ 9:22am",ECONOMY
Amir Hamzah: Bursa Malaysia's 2t milestone shows investor confidence in Madani framework,"May 10, 2024 @ 12:05pm",CORPORATE
CIMB Securities targets single-digit growth in Malaysian capital market share by year-end,"May 10, 2024 @ 11:00am",CORPORATE
Bursa Malaysia opens higher tracking Wall Street's strong performance on rate cut hopes,"May 10, 2024 @ 9:47am",CORPORATE
IILM issues US$1.03b of short-term sukuk,"May 9, 2024 @ 8:11am",CORPORATE
Economists expect BNM to keep OPR at 3pc at its MPC meet today,"May 9, 2024 @ 8:01am",ECONOMY
"BNM expected to maintain OPR at 3pc tomorrow, analyst says","May 8, 2024 @ 11:37am",ECONOMY
"FBM KLCI closes midday at 1,609 points on broad-based rally","May 7, 2024 @ 1:06pm",CORPORATE
CIMB Securities has 'hold' call on LCT,"May 7, 2024 @ 8:32am",CORPORATE
'Hold' stance on Nestle Malaysia stays,"May 3, 2024 @ 8:38am",CORPORATE
'Hold' rating on KLK maintained,"May 3, 2024 @ 8:37am",CORPORATE
Bursa Malaysia ends higher buoyed by bargain hunting,"May 2, 2024 @ 5:54pm",CORPORATE
"Tengku Zafrul says his focus is on Miti, not FAM","May 2, 2024 @ 5:03pm",NATION
Bursa Malaysia ends morning session mixed,"May 2, 2024 @ 1:49pm",CORPORATE
Bursa Malaysia opens higher tracking Wall Street,"Apr 30, 2024 @ 9:50am",CORPORATE
CIMB Group consistently stays or outperforms sustainability targets: Chairman,"Apr 29, 2024 @ 7:35pm",CORPORATE
Bursa Malaysia ends firmer on foreign & local funds support,"Apr 29, 2024 @ 6:00pm",CORPORATE
Jana Wibawa implemented after Cabinet approval - Witness,"Apr 29, 2024 @ 5:56pm",CRIME & COURTS
Pro-Net gets RM200mil loan from CIMB for green mobility efforts,"Apr 4, 2024 @ 2:09pm",CORPORATE
CIMB Research: Fed may lower interest rate three times this year,"Apr 4, 2024 @ 8:26am",CORPORATE
Bursa Malaysia closes lower snapping three-day winning streak,"Apr 3, 2024 @ 5:52pm",CORPORATE
Loans grew 5.8pc in February despite softer loan indicators,"Apr 3, 2024 @ 11:35am",CORPORATE
CIMB Securities' 'buy' call on MISC stays,"Apr 3, 2024 @ 8:11am",CORPORATE
Former AmBank top executive heading for government-owned bank?,"Apr 1, 2024 @ 8:11am",CORPORATE
Wan Saiful threatens to sue Bernama over 'defamatory' article,"Mar 28, 2024 @ 12:54pm",NATION
Bursa Malaysia continues downtrend to close lower at midday,"Mar 27, 2024 @ 2:10pm",CORPORATE
Large-scale infrastructure projects can further spur Malaysia's economic development,"Mar 27, 2024 @ 8:17am",CORPORATE
Jana Wibawa scandal: Contractor involved rated 4 stars by CIDB,"Mar 26, 2024 @ 6:44pm",CRIME & COURTS
No malice in probe against Wan Saiful,"Mar 25, 2024 @ 5:13pm",CRIME & COURTS
Analysts expect BNM to keep OPR at 3pc throughout 2024,"Mar 21, 2024 @ 9:32am",ECONOMY
Bursa Malaysia tipped into the red at midday break as investors turn cautious,"Mar 20, 2024 @ 2:11pm",CORPORATE
Bursa Malaysia opens lower on profit-taking in selected heavyweights,"Mar 18, 2024 @ 10:03am",CORPORATE
Late buying in telco lifts Bursa Malaysia to end at intraday high,"Mar 15, 2024 @ 6:28pm",CORPORATE
Sivasangari's golden dream for 2028 Olympics,"Mar 14, 2024 @ 8:56pm",OTHERS
Bursa Malaysia extends gains to close higher for fourth straight day,"Mar 12, 2024 @ 6:18pm",CORPORATE
"99 Speed Mart files for IPO as part of 3,000 stores by end of 2025 drive [BTTV]","Mar 12, 2024 @ 9:07am",CORPORATE
Malaysia's mini-market chain retailer 99 Speed Mart files IPO draft prospectus,"Mar 11, 2024 @ 9:14pm",NATION
'Any potential spike in bad loans unlikely to hurt banks' asset quality',"Mar 11, 2024 @ 9:56am",CORPORATE
Contractor gets one-year jail for concealing Equadorian company's funds,"Feb 21, 2024 @ 7:37pm",CRIME & COURTS
Malaysia's first highway business trust to list by March,"Feb 19, 2024 @ 10:13pm",CORPORATE
"Company owner, employee fined for submitting false claim for Penjana incentives [NSTTV]","Feb 18, 2024 @ 5:41pm",CRIME & COURTS
Overbought momentum conditions point to profit-taking consolidation,"Feb 18, 2024 @ 4:07pm",CORPORATE
Adam Radlan case: Prosecution lines up 47 witnesses [NSTTV],"Feb 16, 2024 @ 2:42pm",CRIME & COURTS
UMW Holdings to be delisted on Feb 19,"Feb 14, 2024 @ 8:12pm",CORPORATE
"YTL Corp, YTL power now in MSCI Malaysia index","Feb 14, 2024 @ 8:12am",CORPORATE
FBM KLCI closes 1.26pc higher on surge in foreign buying in regional stocks,"Feb 13, 2024 @ 6:11pm",CORPORATE
"YTL Corp, YTL Power join MSCI Malaysia Index, while Dialog leaves","Feb 13, 2024 @ 10:12am",CORPORATE
Foreign funds mop up RM400.7mil of securities in third week of net buying,"Feb 13, 2024 @ 9:47am",CORPORATE
CIMB completes KAF Equities acquisition,"Feb 13, 2024 @ 8:30am",CORPORATE
"Ervin secures CIMB sponsorship, declares himself ready for Malaysian Open","Feb 12, 2024 @ 4:38pm",GOLF
"RTG decision on Pandelela, Dhabitah expected this month, says Yeoh","Feb 12, 2024 @ 3:29pm",OTHERS
Muhyiddin can now fly to Thailand for opening of a restaurant,"Feb 8, 2024 @ 11:22am",CRIME & COURTS
Bursa Malaysia ends mixed ahead of US Federal Reserve interest rate decision,"Jan 31, 2024 @ 6:25pm",CORPORATE
Wedding planner pleads to be spared from caning for cheating bride-to-be,"Jan 31, 2024 @ 3:07pm",CRIME & COURTS
Profit-taking ends Bursa Malaysia's six-day winning streak,"Jan 30, 2024 @ 6:51pm",CORPORATE
"Proton Commerce disburses 27,288 loans in 2023, highest since inception","Jan 29, 2024 @ 10:08am",CORPORATE
Catalysts needed to sustain FBM KLCI uptrend,"Jan 29, 2024 @ 8:21am",INSIGHT
"Abdul Rahman to return to PNB, CIMB to name new CEO ?","Jan 29, 2024 @ 8:09am",CORPORATE
"Bursa Malaysia closes higher on strong interest in construction, energy stocks","Jan 8, 2024 @ 6:40pm",CORPORATE
Potentially a mixed week ahead for Bursa Malaysia,"Jan 8, 2024 @ 8:24am",INSIGHT
CIMB to remain in stockbroking industry,"Jan 3, 2024 @ 8:31am",CORPORATE
Strong buying interest needed to end FBM KLCI profit-taking spree,"Jan 2, 2024 @ 8:47am",INSIGHT
IILM names Mohamad Safri Shahul Hamid as new CEO,"Dec 31, 2023 @ 3:13pm",CORPORATE
Sime Darby's UMW takeover becomes unconditional,"Dec 27, 2023 @ 3:20pm",CORPORATE
Bursa Malaysia closes midday in negtive territory on selling pressure,"Dec 22, 2023 @ 1:49pm",CORPORATE
"Bursa Malaysia closes lower, ending 7-day rally","Dec 20, 2023 @ 6:32pm",CORPORATE
Bursa Malaysia extends rally,"Dec 19, 2023 @ 9:50am",CORPORATE
Bursa Malaysia closes higher in line with regional trends,"Dec 14, 2023 @ 6:16pm",CORPORATE
Westports stock downgraded by CGS-CIMB,"Dec 14, 2023 @ 4:05pm",CORPORATE
"New Cabinet lineup ""potential catalyst"" as Bursa ends higher","Dec 12, 2023 @ 7:53pm",CORPORATE
Yinson's unit seals maiden corporate loan of US$500mil for FSPO projects,"Dec 12, 2023 @ 1:02pm",CORPORATE
End of foreign investors' five-week net buying streak,"Dec 11, 2023 @ 9:25am",CORPORATE
Harleein and Hisshan make parents proud,"Dec 10, 2023 @ 3:33pm",OTHERS
Corporate Malaysia fare better in September 2023 reporting season,"Dec 5, 2023 @ 8:18am",CORPORATE
MIA elects Mohamad Zabidi as president,"Dec 4, 2023 @ 11:52am",CORPORATE
"Joint trial for Wan Saiful's money laundering, corruption cases","Dec 1, 2023 @ 3:54pm",CRIME & COURTS
Bursa Malaysia ends lower at midday as selling continues,"Nov 30, 2023 @ 1:18pm",CORPORATE
'Malaysia-China visa exemption a major catalyst for Malaysia Airports',"Nov 29, 2023 @ 8:26am",CORPORATE
"State support for China Vanke does little for property sector, analysts say","Nov 7, 2023 @ 4:11pm",PROPERTY
"King, Queen grace MRCS 75th anniversary charity gala dinner","Nov 5, 2023 @ 8:37am",NATION
'Add' call for Malakoff maintained,"Nov 1, 2023 @ 8:11am",CORPORATE
Bersatu's Adam Radlan to face more money laundering charges next week over Jana Wibawa scandal,"Oct 31, 2023 @ 12:32pm",CRIME & COURTS
Malaysia makes sound progress in cashless usage,"Oct 30, 2023 @ 2:12pm",CORPORATE
Lotte Chemical's Q4 core net loss to widen on higher oil prices - CGS-CIMB,"Oct 29, 2023 @ 12:13pm",CORPORATE
Malaysians donate RM23 million to Palestine aid fund,"Oct 28, 2023 @ 4:20pm",NATION
Bursa Malaysia closes lower at midday break,"Oct 26, 2023 @ 2:04pm",CORPORATE
Prosecution to object to Muhyiddin's passport release application,"Oct 25, 2023 @ 7:58pm",CRIME & COURTS
Bersatu leader pleads not guilty to charges of using illegally obtained funds,"Oct 25, 2023 @ 2:52pm",CRIME & COURTS
Wan Saiful claims trial to 18 charges of money laundering,"Oct 25, 2023 @ 11:15am",CRIME & COURTS
Wan Saiful arrives in court to face charges,"Oct 25, 2023 @ 9:58am",CRIME & COURTS
Bursa Malaysia ends trading day mixed,"Oct 24, 2023 @ 6:01pm",CORPORATE
Ringgit drops to all-time low versus Singapore dollar,"Oct 24, 2023 @ 5:30pm",ECONOMY
Service tax hike may add 10 basis points to 2024 CPI,"Oct 23, 2023 @ 1:56pm",ECONOMY
"Married couple among 3 charged in court with RM250,000 money laundering in Palestinian abduction case","Oct 20, 2023 @ 3:19pm",CRIME & COURTS
Bursa Malaysia continues downtrend on cautious sentiment,"Oct 20, 2023 @ 10:01am",CORPORATE
Bursa Malaysia closes lower amid cautious trading,"Oct 19, 2023 @ 5:50pm",CORPORATE
Legal firm ex-clerk hauled to court again for third CBT charge in two days,"Oct 19, 2023 @ 1:04pm",CRIME & COURTS
Bursa Malaysia closes higher tracking regional markets,"Oct 17, 2023 @ 5:52pm",CORPORATE
PM: DuitNow QR payment fees should not burden lower income groups,"Sep 29, 2023 @ 1:33pm",NATION
Maybank will not impose fees on merchants for DuitNow until further notice,"Sep 29, 2023 @ 9:35am",CORPORATE
MCA president wants MDR fee for using DuitNow QR payment to be abolished,"Sep 28, 2023 @ 5:46pm",NATION
"Court sets Feb 28, 29 for prosecution's appeal on Muhyiddin's Jana Wibawa acquittal","Sep 27, 2023 @ 10:20am",CRIME & COURTS
"Stabilising pulp prices, higher utilisation rates for tissue paper products capacity to drive NTPM's earnings","Sep 27, 2023 @ 9:36am",CORPORATE
"Local banks to see core net profit of RM6.5bn-6.6bn for Q3, says CGS-CIMB Research","Sep 26, 2023 @ 9:19am",CORPORATE
"Rice prices remained elevated despite efforts to stable supply, said CGS-CIMB Research","Sep 25, 2023 @ 9:01am",CORPORATE
"Genting Malaysia's main casino, improving visitor arrivals to drive earnings recovery in coming quarters","Sep 24, 2023 @ 8:28am",CORPORATE
"Bursa Malaysia ends on losing end, again","Sep 21, 2023 @ 5:46pm",CORPORATE
"""Soon, everyone can own a blue chip stock""","Sep 21, 2023 @ 8:29am",CORPORATE
"""Soon, everyone can own a blue chip stock""","Sep 21, 2023 @ 8:26am",BUSINESS
"Non-profit, CIMB Islamic continue collaboration for restoration of Babagan water catchment area","Sep 19, 2023 @ 3:46pm",NATION
Chinese ban on iPhones may slightly impact local semiconductor players,"Sep 19, 2023 @ 11:25am",CORPORATE
"""Norges Bank's investment proof of Malaysia's attraction""","Sep 18, 2023 @ 7:46am",BUSINESS
"Media Prima, Mercy Malaysia launch campaigns for Morocco earthquake and Libya flood victims","Sep 17, 2023 @ 2:45pm",NATION
Philippine team to vie for Datuk Hamidin Challenge Trophy,"Sep 14, 2023 @ 3:02pm",FOOTBALL
Bursa Malaysia closes lower at midday as heavyweights retrace initial gains,"Sep 14, 2023 @ 2:28pm",BUSINESS
"CIMB Group now targets RM100bil ""green"" financing by 2024, revised from RM60bil","Sep 11, 2023 @ 7:48pm",CORPORATE
"CIMB Group now targets RM100bil ""green"" financing by 2024, revised from RM60bil","Sep 11, 2023 @ 7:45pm",BUSINESS
Addin wins first CIMB National Junior Circuit title,"Sep 10, 2023 @ 8:41pm",OTHERS
"Jais headmaster slapped with one-day jail, RM10,000 fine for corruption","Aug 9, 2023 @ 4:44pm",CRIME & COURTS
Bursa Malaysia: Room for improvement in shariah-compliant financial instruments,"Aug 9, 2023 @ 4:17pm",BUSINESS
"CIMB Group unveils first branch with ""green"" features","Aug 8, 2023 @ 12:28pm",BUSINESS
Foreign investors continue buying spree for 4th consecutive week,"Aug 7, 2023 @ 11:13am",BUSINESS
CIMB launches sustainable finance programme to empower SMEs embrace sustainability,"Jul 31, 2023 @ 4:42pm",BUSINESS
Madani economy plan sets the stage for Budget 2024,"Jul 28, 2023 @ 12:01pm",NATION
Bursa Malaysia ends higher on buying interest at midday,"Jul 26, 2023 @ 1:19pm",BUSINESS
Analysts expect net interest margin pressure for CIMB to ease,"Jul 26, 2023 @ 11:29am",BUSINESS
"Govt likely to cut RON95, diesel prices to soften living cost pressure","Jul 25, 2023 @ 12:22pm",NATION
Court dismisses Wan Saiful's application to strike out corruption charges,"Jul 21, 2023 @ 4:44pm",CRIME & COURTS
CIMB Thai net profit down 35 pct for 1H of FY2023,"Jul 21, 2023 @ 3:11pm",BUSINESS
Malaysia's exports a drag on GDP but domestic growth may still be robust: CGS-CIMB,"Jul 19, 2023 @ 2:35pm",BUSINESS
Datasonic eyes new key businesses,"Jul 18, 2023 @ 9:30am",BUSINESS
"71-year-old retiree loses RM202,800 to phone scam syndicate","Jul 17, 2023 @ 7:19pm",CRIME & COURTS
Bursa Malaysia ends week 1.1 per cent higher on heavyweight buyinng spree,"Jul 14, 2023 @ 6:01pm",BUSINESS
"Bursa Malaysia fails to hold above 1,400 points","Jul 13, 2023 @ 1:18pm",BUSINESS
Digital skills in demand for Malaysian companies,"Jul 6, 2023 @ 5:19pm",BOTS
Foreign investors sell RM1.35bil of Malaysian equities in June,"Jul 5, 2023 @ 2:07pm",BUSINESS
Bursa Malaysia falls on lack of cues from US markets,"Jul 4, 2023 @ 6:29pm",BUSINESS
System loans growth in May denotes strong demand for financing,"Jul 3, 2023 @ 11:04am",BUSINESS
Bursa Malaysia opens higher in early trade,"Jun 14, 2023 @ 9:57am",BUSINESS
Bursa Malaysia reverses yesterday's gains to close lower,"Jun 13, 2023 @ 5:57pm",BUSINESS
Bursa Malaysia opens mixed,"Jun 13, 2023 @ 9:40am",BUSINESS
"Bursa Malaysia higher on improved sentiment, KLCI may test 1,400","Jun 12, 2023 @ 8:04pm",BUSINESS
Bursa Malaysia opens higher on Wall St bounce,"Jun 12, 2023 @ 10:19am",BUSINESS
Farm Fresh can expect margins recovery by 2HFY24,"Jun 11, 2023 @ 2:13pm",BUSINESS
Bursa Malaysia rebounds on stronger Wall Street,"Jun 9, 2023 @ 10:10am",BUSINESS
Bursa Malaysia ends lower for second day,"Jun 8, 2023 @ 7:28pm",BUSINESS
Bursa Malaysia opens lower,"Jun 8, 2023 @ 10:10am",BUSINESS
Bursa Malaysia opens lower despite Wall Street gains,"Jun 7, 2023 @ 10:20am",BUSINESS
"Developers likely to post strong earnings in 2023, higher sales to continue","Jun 6, 2023 @ 3:28pm",PROPERTY
Banks have sufficient levers to sustain earnings and dividend growth: RHB,"Jun 6, 2023 @ 11:33am",BUSINESS
Earnings of Malaysia's 30 largest listed firms slump 35pct to RM15.8bil in March quarter,"Jun 5, 2023 @ 11:08am",BUSINESS
Research firms remain positive on CIMB,"Jun 2, 2023 @ 12:30pm",BUSINESS
'Buy' stance retained on CIMB,"Jun 2, 2023 @ 9:05am",BUSINESS
"Bursa Malaysia opens in cautious mode, US debt jitters continues","Jun 1, 2023 @ 10:14am",BUSINESS
CIMB more profitable by 15.3pct with net profit of RM1.64bil in Q1,"May 31, 2023 @ 7:19pm",BUSINESS
Wan Saiful claims graft charges against him involving Jana Wibawa scandal are defective,"May 31, 2023 @ 5:14pm",CRIME & COURTS
"Bursa Malaysia subdued, Wall Street offers mixed leads","May 31, 2023 @ 10:00am",BUSINESS
"SME Bank's ""green"" sukuk far exceeds RM500mil subscription target at RM1bil","May 30, 2023 @ 5:00pm",BUSINESS
Tabung Haji records 3.1pct profit distribution for 2022,"Apr 28, 2023 @ 12:05pm",NATION
Musa Hitam recuperating from surgery on birthday,"Apr 25, 2023 @ 10:45pm",NATION
"Domestic CPI likely to be contained this month, says CGS-CIMB Research","Apr 25, 2023 @ 10:02am",BUSINESS
OxPay inks collaboration with CIMB Bank to enhance digital payment solutions in Singapore,"Apr 20, 2023 @ 4:17pm",BUSINESS
Tan Sri Nazir Razak retires as BPMB chairman,"Apr 20, 2023 @ 11:29am",BUSINESS
"Bursa higher in early trade, retreats thereafter","Apr 20, 2023 @ 10:20am",BUSINESS
"Court postpones decision on former Sports Ministry senior officer's corruption, money laundering case","Apr 19, 2023 @ 5:08pm",CRIME & COURTS
Bursa Malaysia opens lower amid interest rate hike concerns,"Apr 19, 2023 @ 10:23am",BUSINESS
Syed Saddiq gets back passport to attend conferences in Switzerland and South Korea,"Apr 18, 2023 @ 11:44am",CRIME & COURTS
Bursa Malaysia opens marginally higher but turns lower thereafter,"Apr 18, 2023 @ 10:11am",BUSINESS
Three banks to underwrite 160mil shares ahead of DXN's Main Board listing,"Apr 17, 2023 @ 3:07pm",BUSINESS
Former Sepang deputy GM of Area Farmers Organisation slapped with third bribery charge,"Apr 17, 2023 @ 1:59pm",CRIME & COURTS
"Bursa Malaysia opens lower, tracking Wall Street performance","Apr 17, 2023 @ 10:07am",BUSINESS
GDRN empowers us to overcome obstacles and emerge vibrant,"Apr 16, 2023 @ 12:00am",COLUMNISTS
Bursa Malaysia opens higher on dovish PPI data,"Apr 14, 2023 @ 9:57am",BUSINESS
Bursa Malaysia opens lower on negative Wall Street cues,"Apr 13, 2023 @ 9:58am",BUSINESS
Bursa Malaysia lower in early trade ahead of US inflation data,"Apr 12, 2023 @ 10:03am",BUSINESS
Ex-Perlis MB pleads not guilty to money laundering charges involving RM1.06mil [NSTTV],"Apr 12, 2023 @ 9:29am",CRIME & COURTS
Golfer Kelly Tan putts a bank sponsorship,"Apr 11, 2023 @ 7:09pm",GOLF
"Bursa Malaysia opens flat ahead of US CPI data, banks' earnings reports","Apr 11, 2023 @ 10:49am",BUSINESS
Bursa Malaysia opens slightly higher,"Mar 22, 2023 @ 10:24am",BUSINESS
"7-Eleven's plan to open 100 new stores in FY23 will boost gross profit margin, says CGS-CIMB Research","Mar 22, 2023 @ 9:38am",BUSINESS
Bursa Malaysia opens higher on improved buying sentiment,"Mar 21, 2023 @ 10:41am",BUSINESS
Bursa Malaysia opens lower on continued caution,"Mar 20, 2023 @ 10:12am",BUSINESS
Bursa Malaysia opens higher on Wall Street rally,"Mar 17, 2023 @ 9:57am",BUSINESS
International investment fraud syndicate ringleaders sentenced to 6 months in jail [NSTTV],"Mar 16, 2023 @ 2:07pm",CRIME & COURTS
Domestic banks to see strong net earnings growth due to absence of Cukai Makmur,"Mar 16, 2023 @ 9:51am",BUSINESS
Everest-bound trio hope for better weather this time,"Mar 15, 2023 @ 4:55pm",OTHERS
"MSM still in negative, unable to raise utilisation rate for Johor refinery, says CGS-CIMB Research","Mar 15, 2023 @ 10:08am",BUSINESS
Pharmaniaga forms exco committee as CEO resigns,"Mar 14, 2023 @ 3:48pm",BUSINESS
Ng brothers charged in Sessions Court for misappropriating Revenue Group's property,"Mar 14, 2023 @ 12:26pm",CRIME & COURTS
Defence rests case in Syed Saddiq's criminal trial,"Mar 14, 2023 @ 12:06pm",CRIME & COURTS
"New launches, local assembly programmes will drive Bermaz Auto growth, says CGS-CIMB Research","Mar 14, 2023 @ 10:29am",BUSINESS
Syed Sddiq used his money during GE14 campaign,"Mar 13, 2023 @ 6:56pm",CRIME & COURTS
"CPO price to trade between RM3,800-4,300 per tonne in March, says CGS-CIMB Research","Mar 13, 2023 @ 9:46am",BUSINESS
The effect of keeping or raising the OPR on the housing market,"Mar 10, 2023 @ 4:40pm",PROPERTY
"Lee Swee Kiat Group to see stronger export sales in the 2H of FY23, says CGS-CIMB Research","Mar 10, 2023 @ 10:23am",BUSINESS
Muhyiddin slapped with six charges involving RM427.5 million [NSTTV],"Mar 10, 2023 @ 9:26am",CRIME & COURTS
Reef Check Malaysia engages young islanders to look after coral reefs off Semporna,"Mar 9, 2023 @ 10:21am",NATION
"CPO to fall 9pc MoM in Feb, says CGS-CIMB Research","Mar 7, 2023 @ 5:27pm",BUSINESS
Bursa Malaysia opens lower on negative Wall Street cues,"Feb 17, 2023 @ 9:51am",BUSINESS
Analysts positive on Farm Fresh's move to acquire The Inside Scoop,"Feb 16, 2023 @ 2:40pm",BUSINESS
Bursa Malaysia opens marginally lower,"Feb 16, 2023 @ 10:08am",BUSINESS
"Infomina's IT contract with Maybank Indonesia is positive, says CGS-CIMB Research","Feb 16, 2023 @ 9:46am",BUSINESS
Bursa Malaysia falls in early session,"Feb 15, 2023 @ 10:51am",BUSINESS
"Research houses neutral on plantation due to rising CPO inventory, lower demand","Feb 14, 2023 @ 3:46pm",BUSINESS
CIMB's onboards Japan's Intercontinental Specialty Fats for its sustainability-linked treasury programme,"Feb 14, 2023 @ 2:20pm",BUSINESS
"MyEG's market value plunges by RM2.31bil from NIISe, road tax whammies","Feb 11, 2023 @ 4:49pm",BUSINESS
Bursa Malaysia mixed in the early trade,"Feb 10, 2023 @ 10:32am",BUSINESS
Bursa enhances framework to buy & sell Islamic securities,"Feb 9, 2023 @ 6:26pm",BUSINESS
Bursa Malaysia opens slightly higher but retreats thereafter,"Feb 9, 2023 @ 10:27am",BUSINESS
MyEG concession may be extended,"Feb 9, 2023 @ 9:14am",BUSINESS
Blue-chip stocks ripe for accumulation: Rakuten Trade,"Feb 9, 2023 @ 9:07am",BUSINESS
Contractor pleads guilty using forged banking statement to secure RM1.7mil contract,"Feb 8, 2023 @ 11:15am",CRIME & COURTS
"F&N to post 11.3pc YoY growth from stronger performance, says CGS-CIMB Research","Feb 7, 2023 @ 10:03am",BUSINESS
'Fairly good year for banking sector',"Feb 3, 2023 @ 10:08am",BUSINESS
CGS-CIMB expects Bursa Malaysia's net profit to grow 5.5 pct in FY23,"Feb 3, 2023 @ 9:41am",BUSINESS
AEON Credit secures RM600mil SLLs from three banks,"Jan 31, 2023 @ 6:28pm",BUSINESS
"Consumer spending will likely subdue in 2023 amid rising inflationary environment, interest rate hike cycle","Jan 31, 2023 @ 9:10am",BUSINESS
"Bursa Malaysia opens higher on positive sentiment from Wall St, China","Jan 30, 2023 @ 9:53am",BUSINESS
Malaysian construction companies more confident about industry prospects in 2023,"Jan 9, 2023 @ 9:49am",BUSINESS
Thong Guan Industries the only direct sector beneficiary of China's Covid-zero policy lifting,"Jan 6, 2023 @ 9:31am",BUSINESS
Infomina likely to secure RM100mil-RM150mil new IT contracts,"Jan 6, 2023 @ 9:29am",BUSINESS
"With few entry tests, Southeast Asia may gain most from China's travel revival","Jan 6, 2023 @ 9:16am",ASEAN
"Karex to benefit from strong condoms demand, growing tailwinds from favourable environment","Jan 5, 2023 @ 9:43am",BUSINESS
"Former Petronas executive claims trial to corruption, money laundering","Jan 4, 2023 @ 10:15pm",CRIME & COURTS
"Domestic consumer staples to benefit from China's border reopening, says CGS-CIMB Research","Jan 4, 2023 @ 10:45am",BUSINESS
"NFO closure in Kedah will further dampen Magnum earnings in the near term, says CGS-CIMB Research","Jan 4, 2023 @ 9:39am",BUSINESS
Weaker Wall Street gives Bursa poor start to 2023,"Jan 3, 2023 @ 6:01pm",BUSINESS
Bursa Malaysia opens sharply lower amid weaker Wall Street,"Jan 3, 2023 @ 9:59am",BUSINESS
"#TECH: Man loses RM1,900 in less than 5 minutes after TnG e-wallet ""hacked""","Dec 30, 2022 @ 3:45pm",BOTS
"Bursa Malaysia opens steadier, window dressing likely to continue","Dec 30, 2022 @ 10:41am",BUSINESS
'MSMEs need more development programmes to become globally competitive',"Dec 29, 2022 @ 5:46pm",NATION
"Lawyer claims trial to laundering RM937,000","Dec 29, 2022 @ 1:12pm",CRIME & COURTS
Siam Bank contract pushes Infomina's orderbook by over 32pct to RM530mil: CGS-CIMB,"Dec 28, 2022 @ 2:04pm",BUSINESS
Bursa Malaysia opens almost unchanged,"Dec 28, 2022 @ 10:23am",BUSINESS
"Mercy Malaysia steps up medical aid, humanitarian relief to flood victims","Dec 27, 2022 @ 2:09pm",NATION
"Fallout from war, inflation hit the ringgit and Bursa Malaysia in 2022","Dec 26, 2022 @ 11:16am",BUSINESS
"Bursa Malaysia opens higher, but retreats thereafter","Dec 23, 2022 @ 10:11am",BUSINESS
Turnaround around the corner for MyNews?,"Dec 23, 2022 @ 9:05am",BUSINESS
"Yinson likely to secure more contracts from Eni Angola, says CGS-CIMB Research","Dec 6, 2022 @ 9:41am",BUSINESS
"Growing demand for eye surgeries to lift Optimax FY23 earnings, says CGS-CIMB Research","Dec 5, 2022 @ 9:50am",BUSINESS
"Malaysian stocks fall today ahead of Cabinet announcement, but a rebound is expected on Monday","Dec 2, 2022 @ 5:56pm",BUSINESS
Bursa Malaysia falls in early session,"Dec 2, 2022 @ 10:06am",BUSINESS
"Bullish CIMB prospects following standout Indonesian ops, improved group portfolio","Dec 1, 2022 @ 11:30am",BUSINESS
Bursa Malaysia opens higher following upbeat Wall Street performance,"Dec 1, 2022 @ 10:15am",BUSINESS
#Showbiz: Emergency fund for Nad Zainal,"Nov 30, 2022 @ 10:46am",GROOVE
Bursa Malaysia opens easier; mixed sentiments on Wall Street,"Nov 30, 2022 @ 9:49am",BUSINESS
"Bursa Malaysia opens lower, tracking Wall Street","Nov 29, 2022 @ 10:06am",BUSINESS
Squash: Whitney aims for SEA crown after CIMB high,"Nov 26, 2022 @ 10:03pm",OTHERS
'Prioritise experts for cabinet posts',"Nov 26, 2022 @ 7:01am",POLITICS
Strong RF demand to boost Inari Amertron's earnings,"Nov 25, 2022 @ 10:53am",BUSINESS
FBM KLCI mixed in early trade on profit taking,"Nov 25, 2022 @ 10:37am",BUSINESS
Bursa Malaysia rises as sentiment improve,"Nov 24, 2022 @ 10:13am",BUSINESS
Bursa Malaysia extends downtrend in early trade,"Nov 23, 2022 @ 10:20am",BUSINESS
"Travel agency director pleads guilty to accepting RM520,000 in illegal deposits","Nov 22, 2022 @ 3:30pm",CRIME & COURTS
Bursa Malaysia recovers on bargain hunting,"Nov 22, 2022 @ 10:14am",BUSINESS
MDV names Marazizi Omar as chief business officer,"Nov 21, 2022 @ 5:49pm",BUSINESS
Effects of the PN and PH manifestos on the property and construction sectors,"Nov 21, 2022 @ 1:18pm",PROPERTY
"Duopharma Biotech to see improved export revenue ahead, says CGS CIMB Research","Nov 16, 2022 @ 9:57am",BUSINESS
"LEE: The Mines' world-class championship golf course, which Tiger Woods has played on is advancing","Nov 1, 2022 @ 8:14pm",PROPERTY
"Telcos signing AA on 5G a positive development, says CGS-CIMB Research","Nov 1, 2022 @ 11:02am",BUSINESS
Revenue Group appointed as payment processing partner for Taobao Malaysia,"Oct 31, 2022 @ 4:52pm",BUSINESS
Shafee thankful sound judgment led to his acquittal,"Oct 28, 2022 @ 4:16pm",CRIME & COURTS
A drag on Bursa if Parliament hung after GE15?,"Oct 28, 2022 @ 3:57pm",BUSINESS
Shafee freed of money laundering charges [NSTTV],"Oct 28, 2022 @ 10:07am",CRIME & COURTS
Spotlight on Shafee's case verdict today,"Oct 28, 2022 @ 9:47am",CRIME & COURTS
All smiles from Syed Saddiq as he walks into court,"Oct 28, 2022 @ 9:31am",CRIME & COURTS
Judgement Day for high-profile cases at Jalan Duta Court complex,"Oct 28, 2022 @ 8:44am",CRIME & COURTS
Syed Saddiq to know tomorrow if he'll be freed or ordered to enter defence,"Oct 27, 2022 @ 1:39pm",CRIME & COURTS
#TECH: CIMB Clicks app adopts single device authentication; calls users to remove secondary device,"Oct 26, 2022 @ 2:18pm",BOTS
CIMB to implement single registered device for Clicks app to ward off scams,"Oct 25, 2022 @ 4:51pm",BUSINESS
Bursa rises after wall St closes sharply higher on hope of slowing pace of rate hikes,"Oct 25, 2022 @ 10:16am",BUSINESS
Bursa rises after wall st closes sharply higher on hope of slowing pace of rate hikes,"Oct 25, 2022 @ 9:55am",BUSINESS
CGS-CIMB Securities: investors should take profit on glove stocks after recent rally,"Oct 20, 2022 @ 10:58am",BUSINESS
"Weaker Q4 earnings expected for Axis REIT due to loss of rental income, says CGS CIMB Research","Oct 20, 2022 @ 10:51am",BUSINESS
#FASHION: Pink Jambu to showcase Cheminahsayang and Tenun Pahang DiRaja at CIMB Artober 2022,"Oct 19, 2022 @ 2:00pm",FLAIR
CIMB Group to setup academy to accelerate sustainability agenda,"Oct 18, 2022 @ 6:38pm",BUSINESS
Bursa Malaysia opens higher,"Oct 18, 2022 @ 10:55am",BUSINESS
"Bursa Malaysia opens higher, but retreats thereafter","Oct 17, 2022 @ 10:38am",BUSINESS
Prosecution rests case in Syed Saddiq's money laundering trial [NSTTV],"Sep 27, 2022 @ 3:51pm",CRIME & COURTS
Singapore dressed up to party like it's 2019 for F1 return,"Sep 27, 2022 @ 2:57pm",MOTOR SPORTS
Bursa Malaysia ends morning session flat amid cautious sentiment,"Sep 27, 2022 @ 1:31pm",BUSINESS
Netizens split over court rulings on Umno leaders,"Sep 23, 2022 @ 5:06pm",CRIME & COURTS
Better ESG grade for CIMB Group after sustainable target achieved in 2024,"Sep 23, 2022 @ 10:40am",BUSINESS
"Yinson Holdings' EPCIC contract can sustain earnings into Q3, says CGS-CIMB Research","Sep 23, 2022 @ 9:42am",BUSINESS
"Flattish September TIV as ongoing semiconductor chip, component shortages weigh down supply chain","Sep 22, 2022 @ 11:08am",BUSINESS
CIMB Group doubles sustainable finance target to RM60bil by 2024,"Sep 20, 2022 @ 3:14pm",BUSINESS
"Stop unsustainable use of the planet's resources, urges Perak Sultan [NSTTV]","Sep 20, 2022 @ 11:48am",NATION
#HEALTH: Ensuring good food for B40 families,"Sep 19, 2022 @ 7:10pm",HEAL
"CIMB releases new banking app, welcomes customer feedback","Sep 19, 2022 @ 5:09pm",BOTS
"Eco World 9M earning below expectations, say CGS CIMB Research","Sep 19, 2022 @ 11:19am",BUSINESS
"Kotra to ride on strong ethical drug spending, growth among Malaysians, says CGS-CIMB Research","Sep 16, 2022 @ 2:56pm",BUSINESS
Eco World's new launches hit a snag?,"Sep 15, 2022 @ 9:36am",BUSINESS
"BP Plastics' FY22-24 earnings to be affected by economic uncertainty, says CGS-CIMB","Sep 14, 2022 @ 9:49am",BUSINESS
Kotra Industries' edge lies in Appeton as CGS-CIMB initiates coverage,"Sep 13, 2022 @ 11:11am",BUSINESS
E&E sector going strong,"Sep 12, 2022 @ 9:41am",BUSINESS
Malaysian banks revise lending rates,"Sep 9, 2022 @ 4:07pm",BUSINESS
"Domestic banks continue to benefit from OPR hikes, says HLIB Research","Sep 9, 2022 @ 9:44am",BUSINESS
"Abdul Azeez submits another representation to drop corruption, money laundering charges","Sep 7, 2022 @ 4:54pm",CRIME & COURTS
#TECH: CIMB announces early release of Octo app,"Aug 19, 2022 @ 9:04am",BOTS
"CIMB Islamic, WWF Malaysia collaborate to conserve Fraser's Hill's botanical treasures","Aug 17, 2022 @ 2:29pm",BUSINESS
3 contractors fined for using falsified bank statements to secure solid waste jobs,"Aug 17, 2022 @ 1:32pm",CRIME & COURTS
Petronas: VFP approves RM1.6bil funding as of July 2022,"Aug 17, 2022 @ 1:00pm",BUSINESS
"Petronas, MOGSC and MOSVA host vendor financing program","Aug 17, 2022 @ 12:17pm",BUSINESS
#TECH: CIMB boosts digital banking capability to meet customers' needs,"Aug 15, 2022 @ 3:44pm",BOTS
CIMB enhances digital banking capabilities to meet customers' demand,"Aug 15, 2022 @ 1:54pm",BOTS
Foreign funds maintain Bursa Malaysia net buying stance,"Aug 15, 2022 @ 9:49am",BUSINESS
Genetec Technology to see stronger earnings in Q1,"Aug 8, 2022 @ 9:42am",BUSINESS
CPO output seen to grow by 2.8 pct in July compared to June -CGS-CIMB,"Aug 5, 2022 @ 9:28am",BUSINESS
MACC officer confirms he never recorded Syed Saddiq's statement,"Aug 3, 2022 @ 4:34pm",CRIME & COURTS
"EXIM Bank appoints Arshad Mohamed Ismail as president, CEO","Aug 1, 2022 @ 6:00pm",BUSINESS
"Diversification to help Aemulus cushion impact of slowdown in mobile, tablet segments","Jul 28, 2022 @ 10:54am",BUSINESS
"CIMB to maintain pre-emptive provisions as many as possible due to headwinds, says HLIB","Jul 28, 2022 @ 10:46am",BUSINESS
Fave collaborates with CIMB Bank for BNPL service,"Jul 26, 2022 @ 1:52pm",BUSINESS
"MACC officer never met or recorded any statement from Syed Saddiq during probe, court told","Jul 25, 2022 @ 7:06pm",CRIME & COURTS
Evergrande's debt revamp to provide roadmap on tackling China property crisis,"Jul 25, 2022 @ 5:39pm",PROPERTY
"Discrepancies in key prosecution witness' statements, says judge in Syed Saddiq's CBT trial","Jul 25, 2022 @ 1:30pm",CRIME & COURTS
High Court to decide on Syed Saddiq's bid to impeach key witness on July 25,"Jul 22, 2022 @ 1:53pm",CRIME & COURTS
"High probability for Yinson to secure either Eni, BP FPSO contract, says CGS-CIMB Research","Jul 22, 2022 @ 10:32am",BUSINESS
Pertama Digital on track to dispose discontinued operations in China,"Jun 24, 2022 @ 8:41pm",BUSINESS
CIMB appoints Chu Kok Wei & Novan Amiruddin as wholesale banking co-CEOs,"Jun 22, 2022 @ 8:05pm",BUSINESS
"Police suspected Syed Saddiq, two others, as culprits behind missing RM250,000","Jun 22, 2022 @ 4:28pm",CRIME & COURTS
"Syed Saddiq discussed missing cash in WhatsApp group, witness tells court","Jun 21, 2022 @ 7:35pm",CRIME & COURTS
"Prosecution to prove Syed Saddiq's offences malicious, dishonest","Jun 21, 2022 @ 11:23am",CRIME & COURTS
Moving forward with this handy banking app,"Jun 17, 2022 @ 6:52pm",TECH
"KLGCC reverted to its original name, to better reflect the club's strength and heritage","Jun 17, 2022 @ 1:58pm",PROPERTY
"EcoWorld International may meet its RM2bil sales target, having secured 57pct of the total in 7 months","Jun 16, 2022 @ 4:15pm",PROPERTY
Research firms positive on Bermaz Auto's earnings following robust order backlog,"Jun 15, 2022 @ 9:19am",BUSINESS
Price on carbon emissions,"Jun 15, 2022 @ 12:35am",COLUMNISTS
Pharmaniaga eyeing more markets,"Jun 14, 2022 @ 9:41am",BUSINESS
Pharmaniaga gets revenue boost from myriad of reasons,"Jun 13, 2022 @ 10:53am",BUSINESS
"'Generation end game' policy unlikely to aid BAT Malaysia, says CGS-CIMB Research","Jun 12, 2022 @ 12:07pm",BUSINESS
"""Govt will continue to help rakyat""","Jun 12, 2022 @ 11:53am",BUSINESS
"Govt firm on ESG-focused development projects for 2023, says Tengku Zafrul","Jun 10, 2022 @ 1:59pm",BUSINESS
"Slower-than-expected recovery ahead for MAHB due to China travel restrictions, says CGS-CIMB Research","Jun 10, 2022 @ 10:54am",BUSINESS
Pay too low so chief secretary to the govt appointed to non-existent 1MDB advisory role,"Jun 7, 2022 @ 1:48pm",CRIME & COURTS
Bank with a heart does exist,"Jun 5, 2022 @ 10:51am",LETTERS
"Wellcall Holdings experiencing higher raw material costs, raising selling price, says CGS-CIMB Research","Jun 3, 2022 @ 9:51am",BUSINESS
CIMB bullish about prospect for remainder of 2022,"May 31, 2022 @ 7:02pm",BUSINESS
"Cagamas SRP, participating banks help 67,000 households own first home","Apr 15, 2022 @ 6:31pm",BUSINESS
#TECH: Cybercriminals deploy fake sites to prowl for banking credentials,"Apr 15, 2022 @ 4:14pm",BOTS
Credit creation must not affect financial security,"Apr 15, 2022 @ 12:10pm",COLUMNISTS
"Radiant Globaltech to see robust growth driven by digitalisation demand, says CGS-CIMB Research","Apr 15, 2022 @ 9:50am",BUSINESS
CIMB Bank targets to double AUM under Preferred segment by 2025,"Apr 14, 2022 @ 1:55pm",BUSINESS
"GOpinjam interest rate depends on tenure, credit history","Apr 14, 2022 @ 12:10am",LETTERS
Online subscription platform SUBPLACE has Raya deals up to 75% off,"Apr 13, 2022 @ 6:22pm",LIFESTYLE
"Opportunity for long-term investors to accumulate Media Prima shares, says CGS-CIMB Research","Apr 13, 2022 @ 10:46am",BUSINESS
"GOpinjam's flat interest rate per year depends on tenure, credit history, clarifies TnG","Apr 11, 2022 @ 5:12pm",BUSINESS
"Global shortage of sunflower, rapeseed oils to lead to more EU demand of CPO from Malaysia, Indonesia","Apr 11, 2022 @ 10:08am",BUSINESS
Plunge in average daily trading value likely to drag Bursa Malaysia net earnings for Q1,"Apr 8, 2022 @ 10:32am",BUSINESS
"""Highway Trust Model like ALR's RM5.5bil proposal a win-win for everyone""","Apr 7, 2022 @ 10:11am",BUSINESS
"The reopening of international borders a positive development for MAHB, says CGS-CIMB Research","Apr 6, 2022 @ 12:01pm",BUSINESS
Research firms positive on Gamuda after highway divestment offer,"Apr 6, 2022 @ 10:08am",BUSINESS
CIMB offers Malaysia's first fully online personal loans via Touch 'n Go e-wallet,"Apr 1, 2022 @ 1:41pm",BUSINESS
Cypark Resources' WTE plant to achieve commercial operation date in FY22,"Apr 1, 2022 @ 9:53am",BUSINESS
Computer Forms receives takeover offer from Pang Chow Huat,"Mar 31, 2022 @ 7:07pm",BUSINESS
"Supermax's new US plant to benefit from lower freight cost, says CGS-CIMB Research","Mar 31, 2022 @ 1:29pm",BUSINESS
"Robo-Advisory, The Way Forward","Mar 30, 2022 @ 3:06pm",BUSINESS
MACC officer lodged report against Shafee over RM9.5 million payment from Najib,"Mar 29, 2022 @ 3:01pm",CRIME & COURTS
Capital A appoints former MDEC CEO as director,"Feb 23, 2022 @ 11:14am",BUSINESS
"MSM Malaysia will continue to face higher refining costs in 1H 2022, says CGS-CIMB Research","Feb 23, 2022 @ 9:45am",BUSINESS
"Strong demand for Nestle products to continue, says CGS-CIMB Research","Feb 23, 2022 @ 9:44am",BUSINESS
"Karex to see higher demand for condoms as lockdown measures ease, says CGS-CIMB Research","Feb 22, 2022 @ 1:32pm",BUSINESS
Foreign investors still buy more Malaysian shares than sell,"Feb 21, 2022 @ 10:24am",BUSINESS
"Pharmaniaga likely to achieve 4.5 million doses of Sinovac distribution to the private sector by 1H this year, says CGS-CIMB Research","Feb 18, 2022 @ 11:14am",BUSINESS
"Farm Fresh, the ""next big listing""","Feb 16, 2022 @ 9:52am",BUSINESS
"Farm Fresh to be listed by March, offering 743.2mil new & existing shares","Feb 15, 2022 @ 3:20pm",BUSINESS
"Positive adex growth for free-to-air TV this year, says CGS-CIMB Research","Feb 15, 2022 @ 10:12am",BUSINESS
"Malaysian banks brace for dividends payment rebound, Maybank & Public Bank top contributors","Feb 14, 2022 @ 9:09am",BUSINESS
CIMB to adhere to Bank Negara's call over processing errors,"Feb 11, 2022 @ 10:23pm",NATION
"Processing error only affected clients who made international to local transfers, CIMB Bank clarifies","Feb 11, 2022 @ 8:37pm",BUSINESS
"Action will be taken on CIMB Group if breach regulatory requirements, says BNM","Feb 11, 2022 @ 1:07pm",BUSINESS
"Palm oil stocks to fall by 5pc MoM to 1.47 million tonnes by end-February, says CGS-CIMB Research","Feb 11, 2022 @ 10:21am",BUSINESS
"Former senior manager jailed, fined for corruption","Feb 8, 2022 @ 5:12pm",CRIME & COURTS
CIMB clarifies system remains secure with no breaches,"Feb 5, 2022 @ 11:37pm",NATION
NGO wants govt intervention to resolve CIMB customers' plight,"Feb 5, 2022 @ 8:03pm",NATION
"Gamuda likely to secure contracts worth billion this year from domestic and Australia, says CGS-CIMB Research","Feb 4, 2022 @ 10:45am",BUSINESS
RM1 ATM interbank transaction charge re-instated tomorrow,"Jan 31, 2022 @ 4:19pm",NATION
"Cross-border QR payments between Malaysia and Indonesia, Thailand now enabled","Jan 31, 2022 @ 11:44am",BUSINESS
"Five domestic banks shown YoY improvements in ESG scoring model, another three on a decline, says HLIB Research","Jan 14, 2022 @ 10:14am",BUSINESS
"Potentially lower regulated return in RP3 could be negative for TNB, says CGS-CIMB Research","Jan 14, 2022 @ 9:39am",BUSINESS
Genetec Technology Bhd's partnership with Asia Precision gives access to tap Thailand's ESS segment,"Jan 13, 2022 @ 10:59am",BUSINESS
Bursa Malaysia closes mixed,"Jan 12, 2022 @ 8:03pm",BUSINESS
HSBC Bank appoints Omar Siddiq as its new CEO for Malaysia,"Jan 12, 2022 @ 1:49pm",BUSINESS
Bursa Malaysia ends at intraday high on late buying in selected heavyweights,"Jan 10, 2022 @ 7:33pm",BUSINESS
Bursa Malaysia ends first trading week of 2022 in positive territory on bargain hunting,"Jan 7, 2022 @ 7:31pm",BUSINESS
Harris Ishak is RHB Investment Bank's new regional head of M&A,"Jan 6, 2022 @ 4:14pm",BUSINESS
"Excise duty postponement puts BAT Malaysia vape product distribution plans 'in limbo', says CGS-CIMB Research","Jan 5, 2022 @ 10:11am",BUSINESS
CIMB Group to hire BNP Paribas veteran as regional M&A head,"Jan 3, 2022 @ 4:07pm",BUSINESS
Music composer turned CFO,"Dec 29, 2021 @ 12:04pm",BUSINESS
Hitting right note in finance,"Dec 29, 2021 @ 12:08am",COLUMNISTS
MRA's weeklong programme to aid flood victims,"Dec 24, 2021 @ 9:33pm",NATION
SJKT Pulau Carey Barat needs your help,"Dec 24, 2021 @ 8:24pm",NATION
"Kuala Lumpur Girl Guides reach out to flood, fire victims via Bucket of Love","Dec 24, 2021 @ 4:53pm",NATION
Khazanah's RE unit issues RM210mil Islamic debt note,"Dec 23, 2021 @ 4:03pm",BUSINESS
"MyNews to see earnings gain from CU stores expansion, says CGS-CIMB Research","Dec 23, 2021 @ 10:21am",BUSINESS
PM orders swift action to help flood victims in Taman Sri Muda,"Dec 20, 2021 @ 9:12pm",NATION
Local banks continue to provide flood relief assistance,"Dec 20, 2021 @ 6:09pm",BUSINESS
"MetMalaysia should be taken to task for failing to predict extreme rainfall episode, says Klang MP","Dec 19, 2021 @ 6:31pm",NATION
Syed Saddiq gets green light to transfer cases to High Court,"Nov 25, 2021 @ 1:14pm",CRIME & COURTS
"The reopening of international borders is expected to have a direct impact on local real estate, says Juwai IQI","Nov 25, 2021 @ 12:31pm",PROPERTY
"Improved automotive semiconductor supply chain could bounce KESM earnings in FY22-22, says CGS-CIMB Research","Nov 19, 2021 @ 10:08am",BUSINESS
Contractor charged with selling bogus Kedah state awards,"Nov 18, 2021 @ 7:55pm",CRIME & COURTS
Senheng gets SC's nod for Main Board listing,"Nov 15, 2021 @ 2:53pm",BUSINESS
"54 govt, private entities collaborate to make Arts in The City 2021 a success","Nov 13, 2021 @ 8:32am",NATION
"Banks can manage Cukai Makmur, says BNM","Nov 12, 2021 @ 1:33pm",BUSINESS
"Overweight call for Malaysian banks after factoring negative impact from Cukai Makmur, says CGS-CIMB Research","Nov 12, 2021 @ 10:04am",BUSINESS
"Govt fails in bid to forfeit 1MDB-linked assets from Najib, family and others","Nov 8, 2021 @ 2:55pm",CRIME & COURTS
Bursa Malaysia extends gains to open higher,"Nov 8, 2021 @ 10:34am",BUSINESS
"Banking data shows the economy is on the path of recovery, says RHB Research","Nov 2, 2021 @ 10:08am",BUSINESS
"Bursa falls sharply as investors respond to one-off ""Cukai Makmur""","Nov 2, 2021 @ 9:47am",BUSINESS
'Increase in development expenditure to provide near-term growth boost',"Nov 1, 2021 @ 11:12am",BUSINESS
"New tax proposals under Budget 2022 will have negative impact on Bursa Malaysia, says CGS-CIMB Research","Nov 1, 2021 @ 10:33am",BUSINESS
Civil servant claims trial to cheating charges,"Oct 28, 2021 @ 3:59pm",CRIME & COURTS
Bursa Malaysia opens lower,"Oct 28, 2021 @ 9:56am",BUSINESS
"Easing rental support, strong recovery in car park income will boost IGB REIT earnings, says CGS-CIMB Research","Oct 27, 2021 @ 2:59pm",BUSINESS
Bursa Malaysia ends lower on cautious sentiment,"Oct 25, 2021 @ 7:55pm",BUSINESS
SOSHF to help 3 more patients to achieve its target of 700 aid recipients,"Oct 24, 2021 @ 6:22pm",NATION
CIMB provides financing for Juwai IQI's customers,"Oct 21, 2021 @ 1:15pm",BUSINESS
"'I love you Datuk, you are constantly on my mind'","Sep 24, 2021 @ 1:42pm",CRIME & COURTS
Bursa Malaysia opens marginally higher,"Sep 24, 2021 @ 10:16am",BUSINESS
"Malaysian banks' downside risks on the rise, says S&P","Sep 24, 2021 @ 9:21am",BUSINESS
CEO Action Network announce collective ESG commitments to achieve Malaysia's net-zero future,"Sep 23, 2021 @ 6:45pm",BUSINESS
#JOM! GO: Malaysian street art directory,"Sep 23, 2021 @ 12:04pm",JOM!
CIMB to accelerate Asean sustainability ambition with RM30bil financing by 2024,"Sep 22, 2021 @ 4:54pm",BUSINESS
"'Shafee only paid RM1,000 for role as prosecutor in Anwar's sodomy II trial'","Sep 21, 2021 @ 1:56pm",CRIME & COURTS
"CIMB Islamic rider entrepreneur programme to provide opportunities to asnaf, B40 communities","Sep 20, 2021 @ 3:43pm",BUSINESS
Banks won't be seriously impacted,"Sep 16, 2021 @ 12:06pm",BUSINESS
Langkawi opening is still positive for airlines: Analyst,"Sep 15, 2021 @ 11:02am",BUSINESS
"Banks may see adverse impact from interest payment exemption, say analysts","Sep 15, 2021 @ 10:57am",BUSINESS
Bursa Malaysia opens lower,"Sep 14, 2021 @ 10:23am",BUSINESS
Syed Saddiq's money laundering trial transferred to KL [NSTTV],"Sep 10, 2021 @ 11:33am",CRIME & COURTS
Better sales ahead for local brewers says CGS-CIMB Research,"Sep 10, 2021 @ 11:08am",BUSINESS
Khazanah raises RM664.5mil from CIMB Group share placement,"Sep 10, 2021 @ 9:38am",BUSINESS
"Ex-Tabung Haji chairman yet to be cleared of corruption, money-laundering charges","Sep 7, 2021 @ 4:48pm",CRIME & COURTS
Lawyer contends that corruption charges against Azeez won't stand scrutiny in court,"Sep 6, 2021 @ 5:34pm",CRIME & COURTS
The Artisans Haven launches #HandmadeisHeartmade to support of local artisans,"Sep 6, 2021 @ 11:00am",FLAIR
"Travel restrictions will hamper Oceancash Pacific's insulation segment, says CGS-CIMB Research","Sep 3, 2021 @ 11:10am",BUSINESS
CIMB Group's RM10mil Covid-19 fund to help communities,"Sep 2, 2021 @ 3:00pm",BUSINESS
"Rising input costs, lower production volume to weigh on F&N Q4 earnings","Aug 5, 2021 @ 10:39am",BUSINESS
"CIMB launches OctoSavers, its first fully digital Islamic savings account","Aug 1, 2021 @ 1:49pm",BUSINESS
"Immigration officer fined RM12,000 for taking RM3,200 bribe","Jul 29, 2021 @ 7:58pm",CRIME & COURTS
Bursa Malaysia's ADTV to reduce by 18.5 pct to RM3.6bil in 2H?,"Jul 29, 2021 @ 11:37am",BUSINESS
"Syed Saddiq settles RM330,000 bail","Jul 26, 2021 @ 4:49pm",CRIME & COURTS
Forfeiture suit against Najib & family fixed for Aug 30,"Jul 23, 2021 @ 2:51pm",CRIME & COURTS
"Syed Saddiq accused of RM1mil CBT, squandering RM120k of party funds [NSTTV]","Jul 22, 2021 @ 11:17am",CRIME & COURTS
Minimal EMCO disruption for Axis REIT in Q3: CGS-CIMB,"Jul 22, 2021 @ 10:47am",BUSINESS
CIMB Thai's operating income eases 8.1pct to 7.28 billion baht,"Jul 21, 2021 @ 3:56pm",BUSINESS
AMMB Holdings to see reduced general insurance earnings after AmGeneral Insurance disposal,"Jul 21, 2021 @ 9:58am",BUSINESS
Bursa retreats shortly after opening higher,"Jul 16, 2021 @ 10:31am",BUSINESS
Ku Nan freed of corruption conviction,"Jul 16, 2021 @ 10:20am",CRIME & COURTS
Bursa Malaysia opens marginally higher,"Jul 15, 2021 @ 10:28am",BUSINESS
"Sales tax waiver extension favourable to Bermaz Auto, says CGS-CIMB Research","Jul 14, 2021 @ 11:03am",BUSINESS
Bursa Malaysia opens higher on extended bargain hunting,"Jul 14, 2021 @ 10:26am",BUSINESS
Jendela contract award in 'next few weeks',"Jul 13, 2021 @ 9:39am",BUSINESS
Bursa Malaysia opens higher on bargain hunting,"Jul 12, 2021 @ 10:30am",BUSINESS
Bursa Malaysia lower in early trade,"Jul 8, 2021 @ 10:23am",BUSINESS
"CIMB Group offers moratorium for individual, SME customers","Jul 7, 2021 @ 3:08pm",BUSINESS
Shafee's money laundering trial set for July 22,"Jul 1, 2021 @ 3:19pm",CRIME & COURTS
CIMB expands financial relief assistance to affected customers,"Jun 4, 2021 @ 4:35pm",BUSINESS
"Closing of breweries should not be based on discrimination, says MICCI","Jun 2, 2021 @ 4:06pm",BUSINESS
Tabung Haji digitalisation provides hassle-free online facilities,"Jun 2, 2021 @ 11:52am",NATION
"CIMB Group's Q1 net profit grows fivefold to RM2.46bil, revenue at RM5.96bil","May 31, 2021 @ 6:17pm",BUSINESS
"Media Prima poised to record stronger earnings in Q2, says CGS-CIMB Research","May 28, 2021 @ 11:57am",BUSINESS
"MCO, slow economy 'don't hold water' for Star Media Group, says CGS-CIMB Research","May 27, 2021 @ 11:50am",BUSINESS
Bursa Malaysia opens higher,"May 27, 2021 @ 10:08am",BUSINESS
Carsome partners with Aspirasi to offer dealer financing solution,"May 25, 2021 @ 3:19pm",BUSINESS
Karex's earnings to remain weak: CGS-CIMB,"May 25, 2021 @ 10:08am",BUSINESS
Better earnings prospects for UMW Holdings this year?,"May 25, 2021 @ 9:43am",BUSINESS
"Shafee's trial begins, court allows him to be excused from sitting in the dock","May 21, 2021 @ 2:18pm",CRIME & COURTS
Shafee's money-laundering trial begins tomorrow,"May 20, 2021 @ 5:27pm",CRIME & COURTS
Bursa Malaysia lower in early trade,"May 19, 2021 @ 10:16am",BUSINESS
Restore humanitarian rays in Palestine,"May 18, 2021 @ 5:07pm",NATION
Bursa Malaysia to trade at pre-holiday levels this week: Economists,"May 18, 2021 @ 10:18am",BUSINESS
"YTL's entry into Malayan Cement will improve earnings, says CGS CIMB","May 17, 2021 @ 10:15am",BUSINESS
MyAqsa launches fund for Palestine,"May 16, 2021 @ 12:35pm",NATION
Public Bank lifts Bursa Malaysia in early trade,"May 12, 2021 @ 10:30am",BUSINESS
Corporate earnings growth at risk if Covid cases continue to rise,"May 10, 2021 @ 3:44pm",BUSINESS
"F&N may pass on extra costs to customers, potential price hike in single-digit range","May 6, 2021 @ 10:06am",BUSINESS
Tuju Setia enroute to Bursa's main market,"Apr 6, 2021 @ 7:22pm",BUSINESS
Pahang - Subdued with silver lining in 2021,"Apr 6, 2021 @ 4:54pm",PROPERTY
Turkish lira's depreciation a boon to MAHB,"Apr 6, 2021 @ 8:54am",BUSINESS
Jho Low's mom argues that her bungalow has nothing to do with 1MDB,"Apr 5, 2021 @ 5:21pm",CRIME & COURTS
Kia sales to surpass Bermaz Auto's Mazda volume within five years?,"Apr 5, 2021 @ 10:11am",BUSINESS
"Analysts' response to AmBank's private placement, RM2.09bil goodwill impairment","Apr 5, 2021 @ 9:27am",BUSINESS
Lawyer says money in the bank accounts of Roger Ng and wife not from 1MDB,"Apr 1, 2021 @ 4:37pm",CRIME & COURTS
Sapura Energy seals RM10.3bil debt refinancing,"Mar 30, 2021 @ 3:38pm",BUSINESS
Bursa Malaysia opens lower in early session,"Mar 30, 2021 @ 10:10am",BUSINESS
No logical explanation of the billions in Najib's account,"Mar 26, 2021 @ 6:09pm",CRIME & COURTS
"Tough 2020 over, a brighter 2021 for Yinson, says CGS-CIMB","Mar 26, 2021 @ 11:50am",BUSINESS
Bursa Malaysia opens lower,"Mar 26, 2021 @ 10:18am",BUSINESS
"Vehicle sales between 530,000 and 580,000 this year: Analysts","Mar 25, 2021 @ 11:26am",BUSINESS
Bursa Malaysia opens higher,"Mar 25, 2021 @ 9:48am",BUSINESS
"Pharmaniaga's L&D, manufacturing segments to provide earnings boost, says CGS-CIMB Research","Mar 24, 2021 @ 10:28am",BUSINESS
FoodLab open to collaboration with foodpreneurs for stronger brand presence,"Mar 21, 2021 @ 4:39pm",BUSINESS
Govt pensioner charged with money laundering involving the smuggling of elephant tusks [NSTTV],"Mar 21, 2021 @ 3:47pm",CRIME & COURTS
"Pharmaniaga to see positive earning from normalisation in government healthcare, Sinovac vaccine distribution","Mar 19, 2021 @ 10:13am",BUSINESS
"Bursa Malaysia moves higher, boosted by Pemerkasa, dovish Fed","Mar 18, 2021 @ 10:18am",BUSINESS
#TECH: Making it easy for merchants to adopt digital payment,"Mar 17, 2021 @ 7:01pm",BOTS
"Successful vaccine rollout will boost Sunway REIT recovery phase, says CGS-CIMB Research","Feb 10, 2021 @ 11:07am",BUSINESS
Funding Societies launched in Thailand to support SMEs,"Feb 9, 2021 @ 7:23pm",BUSINESS
DPP: Najib was caught with his hands in the till,"Feb 9, 2021 @ 7:22pm",CRIME & COURTS
MPOB predicts decline in January CPO output,"Feb 8, 2021 @ 12:59pm",BUSINESS
Ex-Mara chairman charged with corruption over purchase of Dudley Int'l House [NSTTV],"Feb 5, 2021 @ 1:09pm",CRIME & COURTS
Rising steel costs to hamper construction targets,"Feb 5, 2021 @ 10:41am",BUSINESS
74-year-old PJ woman loses RM1 million to Macau scam syndicate,"Feb 5, 2021 @ 9:15am",CRIME & COURTS
CIMB Group completes CARI disposal,"Feb 4, 2021 @ 5:57pm",BUSINESS
"KL shares higher at opening, led by energy sector","Feb 3, 2021 @ 10:57am",BUSINESS
KL shares mixed at close on profit-taking,"Feb 2, 2021 @ 8:18pm",BUSINESS
Hearing of Ku Nan's appeal to begin on April 22,"Jan 25, 2021 @ 1:26pm",CRIME & COURTS
Smooth vaccines distribution uplift banking stocks: analysts,"Jan 25, 2021 @ 9:57am",BUSINESS
CIMB Group names new president. CEO for Thai unit,"Jan 22, 2021 @ 6:58pm",BUSINESS
"Bank Negara's OPR move a reprieve for banks, pushes stocks higher","Jan 22, 2021 @ 9:58am",BUSINESS
Puteri Munawarah Syammiyah joins TFP Solutions' board,"Jan 20, 2021 @ 3:47pm",BUSINESS
F&N's acquisition of Sri Nona strengthen its halal food portfolio,"Jan 20, 2021 @ 12:03pm",BUSINESS
Bursa Malaysia ends lower as banks weigh ahead of OPR decision,"Jan 18, 2021 @ 7:34pm",BUSINESS
Kossan's gloves orders fully taken up until end-2021,"Jan 17, 2021 @ 3:34pm",BUSINESS
Conservationist is determined to help the flood-hit village who cared for her terrapins!,"Jan 17, 2021 @ 9:01am",SUNDAY VIBES
13 banks come to the aid of flood victims,"Jan 15, 2021 @ 4:35pm",BUSINESS
"Climate issues need re-booting, fresh ideas","Dec 27, 2020 @ 6:38pm",COLUMNISTS
A sad M-League season,"Dec 27, 2020 @ 10:53am",FOOTBALL
For a healthy community,"Dec 23, 2020 @ 6:23pm",HEAL
Ku Nan files appeal against conviction,"Dec 22, 2020 @ 4:22pm",CRIME & COURTS
Judge: Ku Nan used Tadmansori Holdings as a facade to reap fruits of his crime,"Dec 21, 2020 @ 3:15pm",CRIME & COURTS
"Ku Nan sentenced to one year's jail, RM2 million fine","Dec 21, 2020 @ 1:07pm",CRIME & COURTS
Ku Nan guilty of accepting RM2 million bribe from businessman in 2016,"Dec 21, 2020 @ 10:10am",CRIME & COURTS
High Court set to deliver verdict on Ku Nan's RM2 million graft case,"Dec 21, 2020 @ 9:15am",CRIME & COURTS
FAM chief speaks of his torments in pandemic year,"Dec 20, 2020 @ 8:30am",FOOTBALL
Muhyiddin visits Tun Rahah at Prince Court Medical Centre,"Dec 18, 2020 @ 12:15am",NATION
Sending SOS to sponsor,"Dec 17, 2020 @ 8:00am",FOOTBALL
Public Bank to oust Maybank as Bursa's number one stock?,"Dec 15, 2020 @ 12:08pm",BUSINESS
"Immigration Dept graft: Officer jailed 30 days, fined RM12,000","Dec 14, 2020 @ 11:39am",CRIME & COURTS
Immigration officer accused of freeing foreigners in exchange for bribes claims trial [NSTTV],"Dec 11, 2020 @ 1:42pm",CRIME & COURTS
Bursa Malaysia ends higher supported by banking stocks,"Dec 9, 2020 @ 8:18pm",BUSINESS
"CIMB to stop lending for new thermal coal mines, coal-fired power plants","Dec 8, 2020 @ 3:07pm",BUSINESS
Ku Nan granted discharge not amounting to an acquittal over graft charge,"Dec 7, 2020 @ 10:30am",CRIME & COURTS
Prosecution applies to grant Ku Nan discharge not amounting to an acquittal,"Dec 7, 2020 @ 9:58am",CRIME & COURTS
MFL looking for new corporate players,"Dec 6, 2020 @ 8:20am",FOOTBALL
FBM KLCI ends in negative territory on continued profit taking,"Dec 4, 2020 @ 8:12pm",BUSINESS
"Bursa Malaysia, CGS-CIMB host InvestHack to lure retail investors","Nov 4, 2020 @ 4:24pm",BUSINESS
Interest rate cut: Maybe next year,"Nov 4, 2020 @ 11:00am",BUSINESS
Bursa Malaysia ends lower,"Nov 3, 2020 @ 7:37pm",BUSINESS
DRB-Hicom's Melaka land deal in line with its plan to build and sell industrial properties,"Nov 2, 2020 @ 4:22pm",PROPERTY
"PLUS, first highway concessionaire to receive '2020 Digital Transformer' award","Nov 2, 2020 @ 1:00pm",NATION
OpenSys' buySolar platform gains traction among industry players,"Nov 2, 2020 @ 12:18pm",BUSINESS
Cheaper to privatise FGV than pursue LLA termination: Analysts,"Nov 2, 2020 @ 10:37am",BUSINESS
This champion of the arts has a bigger calling to answer,"Nov 1, 2020 @ 9:45am",SUNDAY VIBES
"Firmer recovery for IGB REIT's two flagship malls, post-CMCO","Oct 27, 2020 @ 2:02pm",PROPERTY
"Emergency would have shaken confidence, say economists as Bursa averts major sell-off","Oct 27, 2020 @ 11:02am",BUSINESS
MR DIY opens flat in Bursa's largest listing debut since 2017,"Oct 26, 2020 @ 11:29am",BUSINESS
CIMB Bank approves over RM10bil repayment assistance as at mid-Oct,"Oct 23, 2020 @ 1:59pm",BUSINESS
Starhill to introduce new global brands in Q1 2021,"Oct 20, 2020 @ 1:08pm",BUSINESS
"Local bank's GIL ratio could rise beginning Q4, 2020: CGS-CIMB","Oct 15, 2020 @ 12:41pm",BUSINESS
CIMB is UEM Group adviser for proposed merger,"Oct 14, 2020 @ 12:50pm",BUSINESS
Singapore's economy shrinks at slower pace as Covid-19 curbs eased,"Oct 14, 2020 @ 10:16am",BUSINESS
#TECH: Empowering youths with digital skills,"Oct 13, 2020 @ 7:23pm",BOTS
Kia could be good fit for Bermaz: CGS-CIMB,"Oct 13, 2020 @ 6:17pm",BUSINESS
AAX's creditors may get up to 2pc owed to them: CGS-CIMB,"Oct 9, 2020 @ 5:08pm",BUSINESS
Syed Mokhtar behind UEM Sunrise-Eco World merger plan?,"Oct 7, 2020 @ 6:55pm",PROPERTY
MyCARE aims to raise RM250k to help Palestinians battling Covid-19,"Sep 10, 2020 @ 8:31pm",NATION
"KLCI pares losses but stays below 1,500-mark at closing","Sep 10, 2020 @ 8:16pm",BUSINESS
"Plantation companies poised to post stronger performance in the second half of the year, analysts said.","Sep 8, 2020 @ 10:50am",BUSINESS
Bursa Malaysia opens slightly firmer,"Sep 8, 2020 @ 10:08am",BUSINESS
Top squash events cancelled due to Covid-19 pandemic,"Sep 4, 2020 @ 8:01am",OTHERS
MARA Corp appoints Badlisyah as new group CEO,"Sep 3, 2020 @ 7:09pm",BUSINESS
"CIMB's Q2 net profit shrinks 81pct, revenue down 13pct","Aug 28, 2020 @ 6:23pm",BUSINESS
Media Prima set for turnaround next year?,"Aug 28, 2020 @ 4:58pm",BUSINESS
Glove counters peaked?,"Aug 28, 2020 @ 9:45am",BUSINESS
Contraction in KLK's FFB production could limit its future earnings,"Aug 21, 2020 @ 4:20pm",BUSINESS
A preview of the restart,"Aug 21, 2020 @ 1:01pm",FOOTBALL
Top Glove displaces Public Bank as Bursa's second most valuable stock,"Aug 21, 2020 @ 10:00am",BUSINESS
2nd Sukuk Prihatin on the cards?,"Aug 19, 2020 @ 5:57pm",BUSINESS
First day of Abdul Azeez and brother's corruption trial postponed,"Aug 18, 2020 @ 12:23pm",CRIME & COURTS
"Penjana tourism financing for small, micro businesses open for application","Aug 6, 2020 @ 12:12pm",BUSINESS
Reconfigure ASEAN supply chain,"Aug 5, 2020 @ 12:00am",COLUMNISTS
"Loan growth picks up, local banks not out of woods yet","Aug 4, 2020 @ 11:43am",BUSINESS
CIMB Bank uses data analytics to expedite targeted aid for customers,"Aug 3, 2020 @ 4:02pm",BUSINESS
Umno lawyer Hafarizam discharged in RM15mil money laundering case,"Aug 3, 2020 @ 10:46am",CRIME & COURTS
YNH raised RM350mil from second bond issuance,"Jul 30, 2020 @ 10:05pm",BUSINESS
"Local banks not out of woods in 2021, says Affin Hwang despite recent stock re-rating","Jun 18, 2020 @ 5:52pm",BUSINESS
How the Covid-19 pandemic created 2 new Malaysian billionaires,"Jun 16, 2020 @ 10:30pm",BUSINESS
Asean should be a unified entity: CARI,"Jun 16, 2020 @ 7:14pm",BUSINESS
"PNB president, chief executive Jalil Rasheed resigns","Jun 15, 2020 @ 7:46pm",BUSINESS
Demand for palm oil to surge as importing countries restock,"Jun 14, 2020 @ 2:40pm",BUSINESS
Ku Nan's trial postponed pending prosecution's appeal at Fed Court,"Jun 12, 2020 @ 11:22am",CRIME & COURTS
Ku Nan's trial: Federal Court to hear recusal appeal on July 17,"Jun 10, 2020 @ 1:44pm",CRIME & COURTS
Sime Darby appoints Tan Sri Samsudin Osman as interim acting chairman,"Jun 9, 2020 @ 7:56pm",BUSINESS
"Banks earnings under pressure from rising credit cost, modification losses","Jun 9, 2020 @ 3:36pm",BUSINESS
Lower tanker shipping rates affects MISC earnings: CGS-CIMB,"Jun 9, 2020 @ 3:34pm",BUSINESS
Postcard from Zaharah: Surreal experience shared by many,"Jun 8, 2020 @ 12:10am",COLUMNISTS
Asean must expedite six immediate measures for economic recovery,"Jun 6, 2020 @ 12:18am",LETTERS
Minister cancels 5G spectrum bands allocated to five firms,"Jun 3, 2020 @ 8:42pm",BUSINESS
CIMB names former PNB chief as new group CEO,"May 29, 2020 @ 7:25pm",BUSINESS
"Malaysia's ""Big 3"" banks face growing pressure from Covid-19","May 29, 2020 @ 5:02pm",BUSINESS
Super League sponsor eyes 'new normal',"May 23, 2020 @ 8:01am",FOOTBALL
"CIMB posts lower Q1 net profit, revenue","May 22, 2020 @ 7:04pm",BUSINESS
"Maybank IB issues Euro-style warrants of CIMB, Genting, MyEG, SP Setia","May 22, 2020 @ 11:50am",BUSINESS
Khazanah raises RM735.7mil from Asean's third largest telco share placement,"May 22, 2020 @ 11:47am",BUSINESS
"Decision on haj to be known after Raya, says minister","May 21, 2020 @ 1:25pm",NATION
China home prices resume upward climb as virus impact abates,"Apr 16, 2020 @ 2:50pm",PROPERTY
Bursa Malaysia retreats on profit taking,"Apr 16, 2020 @ 9:59am",BUSINESS
"Covid-19: AirAsia, like other low-cost airlines, fighting for survival","Apr 15, 2020 @ 1:05pm",NATION
"Top Glove, Hartalega surge as global demand soars","Apr 14, 2020 @ 1:57pm",BUSINESS
MAHB to reduce spending to preserve cash,"Apr 13, 2020 @ 2:00pm",BUSINESS
Melaka zoo creates fund for animal food,"Apr 11, 2020 @ 4:33pm",NATION
No link of alleged unauthorised transactions with Zoom,"Apr 9, 2020 @ 4:36pm",BUSINESS
CGS-CIMB launches retail islamic cross border trading services,"Apr 8, 2020 @ 2:14pm",BUSINESS
"AirAsia may last less than five months on current conditions, may raise RM1bil debt","Apr 8, 2020 @ 11:40am",BUSINESS
"SMEs with tight cash flow will benefit, say economists","Apr 7, 2020 @ 12:15pm",NATION
St John Ambulance forms special force to help govt fight Covid-19,"Apr 6, 2020 @ 1:19pm",NATION
MFL ready with plans for different scenarios,"Apr 6, 2020 @ 7:56am",FOOTBALL
MCCA probing spate of alleged unauthorised transactions at local bank,"Apr 4, 2020 @ 3:43pm",CRIME & COURTS
CIMB customers seek clarification on 'direct debit' transactions,"Apr 4, 2020 @ 12:08pm",NATION
New lady board members for Nestle Malaysia,"Apr 3, 2020 @ 6:29pm",BUSINESS
10 per cent cashback on fuel with Petronas' Setel app,"Apr 2, 2020 @ 7:16pm",CARS BIKES TRUCKS
"Bursa Malaysia opens lower, dragged by global recession fears","Apr 2, 2020 @ 10:15am",BUSINESS
"Affin Bank appoints Wan Razly as CEO, succeeding Kamarul Ariffin","Apr 1, 2020 @ 6:30pm",BUSINESS
Banks in Malaysia still have robust asset quality despite pandemic,"Apr 1, 2020 @ 1:30pm",BUSINESS
CIMB staff tests positive for Covid-19,"Mar 31, 2020 @ 8:19pm",NATION
"Bursa closes at day's low due to Covid-19, lower oil prices","Mar 12, 2020 @ 6:59pm",BUSINESS
AirAsia takes drastic steps to stay airborne,"Mar 12, 2020 @ 11:30am",BUSINESS
"'Maintain status quo at GLCs, GLICs'","Mar 12, 2020 @ 11:11am",BUSINESS
'Uncle Kentang' sets up public kitchen for the less fortunate,"Mar 11, 2020 @ 12:35pm",NATION
'Many entities to be satisfied',"Mar 11, 2020 @ 12:01pm",NATION
'Give them at least 6 months',"Mar 11, 2020 @ 12:01pm",NATION
Pay cut and free munch suspension as AirAsia initiates cost-cutting measures,"Mar 10, 2020 @ 7:13pm",BUSINESS
Bursa Malaysia rebounds at close tracking Brent crude oil,"Mar 10, 2020 @ 7:04pm",BUSINESS
6 newly sworn-in senators reminded of their role as check and balance to the government,"Mar 10, 2020 @ 3:27pm",NATION
New Cabinet ministers ready to start work immediately,"Mar 10, 2020 @ 1:43pm",NATION
NST Leader: Muhyiddin mystery unveiled,"Mar 10, 2020 @ 12:02am",LEADER
"Omar Siddiq now CIMB Group officer-in-charge, following Tengku Zafrul's departure","Mar 9, 2020 @ 7:55pm",BUSINESS
CIMB CEO turned Finance Minister humbled by opportunity to serve nation,"Mar 9, 2020 @ 6:59pm",POLITICS
"Maybank offers Iranians special debit card, after some have accounts closed","Mar 9, 2020 @ 4:16pm",NATION
"Covid-19: BNM's RM3.3 bil fund, banks' preparedness will help alleviate SMEs' financial burden","Mar 8, 2020 @ 3:22pm",BUSINESS
CIMB Group cuts lending rates from March 9,"Mar 5, 2020 @ 7:24pm",BUSINESS
Bursa Malaysia ends on firm note,"Mar 4, 2020 @ 6:52pm",BUSINESS
Bursa Malaysia opens easier but rebounds thereafter,"Mar 4, 2020 @ 10:20am",BUSINESS
FBM KLCI flirts with 9-year low,"Mar 3, 2020 @ 5:11pm",BUSINESS
Bursa Malaysia rebounds by 0.97pct at opening,"Mar 3, 2020 @ 10:33am",BUSINESS
