headline,date,category
"Asian stocks, currencies slide as Israel's strike on Iran jolts markets","Jun 13, 2025 @ 2:11pm",CORPORATE
Bursa Malaysia declines at midday as Washington's tariff plan weighs on sentiment,"Jun 13, 2025 @ 1:27pm",CORPORATE
KLCI up 0.17pct at midday amid weaker market,"Jun 12, 2025 @ 1:28pm",CORPORATE
China's yuan ticks up as US-China trade truce lifts sentiment,"Jun 12, 2025 @ 1:09pm",ECONOMY
"Petronas breaches Sarawak gas sales agreement, court told","Jun 11, 2025 @ 9:13pm",CRIME & COURTS
Maybank underwrites RM2.5bil in region's largest Islamic financing for data centres,"Jun 11, 2025 @ 4:30pm",CORPORATE
Maybank IB: Tax revisions may add up to 0.25pct to inflation,"Jun 11, 2025 @ 11:00am",CORPORATE
"Post-pandemic boom fuels demand for smart, walkable living","Jun 11, 2025 @ 9:03am",PROPERTY
Late selling pressure drags Bursa Malaysia into the red,"Jun 10, 2025 @ 6:19pm",CORPORATE
"Al-Salam Reit eyes 85pct occupancy by 2027, backed by Komtar revamp","Jun 10, 2025 @ 3:02pm",CORPORATE
Reit sector set for strong second half,"Jun 10, 2025 @ 12:17pm",CORPORATE
Analysts tie Stonepeak's Yinson interest to FPSO boom,"Jun 10, 2025 @ 8:30am",CORPORATE
"Bursa Malaysia ends in positive territory, awaits US-China trade talks","Jun 9, 2025 @ 6:35pm",CORPORATE
World No. 2 Mirabel to defend title at TSM Golf Challenge,"Jun 9, 2025 @ 6:24pm",GOLF
"'I stopped Man United, now it's Malaysia' says Vietnam captain","Jun 9, 2025 @ 3:36pm",FOOTBALL
Banking sector poised for stronger earnings: HLIB Research,"Jun 9, 2025 @ 2:31pm",CORPORATE
Bursa Malaysia ends morning session firmer,"Jun 9, 2025 @ 1:59pm",CORPORATE
YTL Power's AI compute could lift FY26 earnings by 4pct,"Jun 8, 2025 @ 3:35pm",CORPORATE
Asian currencies poised for weekly gains; rate cut lifts Indian equities,"Jun 6, 2025 @ 5:18pm",CORPORATE
Bursa Malaysia lower at midday on profit-taking,"Jun 6, 2025 @ 1:29pm",CORPORATE
Manchester United suffer shock defeat in Kuala Lumpur,"May 28, 2025 @ 11:28pm",FOOTBALL
"Today's news in pictures - Wednesday, May 28, 2025","May 28, 2025 @ 9:34pm",NATION
"From Summit to stadium, Asean unites for Manchester United showdown","May 28, 2025 @ 8:25pm",NATION
BNM imposes penalties on four financial institutions for regulatory breaches,"May 28, 2025 @ 7:33pm",CORPORATE
FBM KLCI ends slightly higher at midday on cautious sentiment,"May 28, 2025 @ 1:38pm",CORPORATE
Bursa Malaysia opens higher on bargain hunting,"May 28, 2025 @ 10:44am",CORPORATE
"Amorim turns red as phone alarm disrupts United, Asean All-Stars presser","May 28, 2025 @ 9:11am",FOOTBALL
Can Asean All-Star players impress their way to Old Trafford?,"May 27, 2025 @ 6:37pm",FOOTBALL
Bursa Malaysia ends lower on profit-taking in financial counters,"May 27, 2025 @ 6:12pm",CORPORATE
Asean XI captain determined to give United a hard time [WATCH],"May 27, 2025 @ 6:05pm",FOOTBALL
Bursa Malaysia opens easier on lack of market-moving news,"May 27, 2025 @ 10:30am",CORPORATE
Bursa Malaysia closes flat with key index slightly down,"May 26, 2025 @ 6:18pm",CORPORATE
"Maybank net profit at RM2.6bil, driven by corporate banking","May 26, 2025 @ 4:03pm",CORPORATE
"Felda launches RM1.30-a-share takeover offer for FGV, eyes full control [BTTV]","May 26, 2025 @ 2:13pm",CORPORATE
Bursa Malaysia lower at midday on profit-taking,"May 26, 2025 @ 1:34pm",CORPORATE
Bursa Malaysia opens marginally higher but retreates thereafter,"May 26, 2025 @ 10:07am",CORPORATE
"Anwar highlights strong Malaysia-Laos ties, investment confidence [WATCH]","May 25, 2025 @ 4:32pm",NATION
Aguero 'honoured' to be selected for Man Utd clash,"May 24, 2025 @ 7:50pm",FOOTBALL
Bank Negara has policy space as inflation remains contained: Economists,"May 24, 2025 @ 10:33am",ECONOMY
FGV to acquire full ownership in eight subsidiaries for RM229.75mil,"May 23, 2025 @ 8:18pm",CORPORATE
Bank Pembangunan names former Maybank Islamic boss as new group CEO,"May 18, 2025 @ 12:49pm",CORPORATE
"Khairy blasts state of M-League, calls for total reset","May 18, 2025 @ 8:00am",FOOTBALL
Giggs: Nothing beats Southeast Asia's passion for Man United [WATCH],"May 17, 2025 @ 5:16pm",FOOTBALL
Giggs: Young Man United stars showing hunger of Class of '92 [WATCH],"May 17, 2025 @ 4:53pm",FOOTBALL
Bursa Malaysia ends morning session marginally lower,"May 16, 2025 @ 1:12pm",CORPORATE
"Dialog needs major tank terminal wins to boost earnings, share price, say analysts","May 16, 2025 @ 10:51am",CORPORATE
Bursa Malaysia marginally higher in early trade,"May 16, 2025 @ 9:29am",CORPORATE
Malaysia woos Singaporeans with revamped MM2H residency scheme,"May 15, 2025 @ 8:35pm",NATION
Bursa Malaysia ends lower on profit-taking,"May 15, 2025 @ 6:07pm",CORPORATE
MN Holdings to focus on power-related infrastructure upgrades: Maybank IB,"May 15, 2025 @ 2:22pm",CORPORATE
Bursa Malaysia ends morning session lower,"May 15, 2025 @ 1:02pm",CORPORATE
Bursa Malaysia almost flat in early trade,"May 15, 2025 @ 9:56am",CORPORATE
FBM KLCI slightly lower at midday,"May 14, 2025 @ 1:47pm",CORPORATE
FBM KLCI opens marginally higher but turns lower in early trade,"May 14, 2025 @ 9:58am",CORPORATE
"Maybank Investment named sole adviser, lead manager for Sabah Energy's maiden sukuk","May 13, 2025 @ 7:54pm",CORPORATE
Bursa Malaysia hits over two-month high on trade optimism,"May 13, 2025 @ 6:17pm",CORPORATE
"Southeast Asian stocks, currencies gain in first reaction to China-US trade deal","May 13, 2025 @ 5:05pm",CORPORATE
Bursa Malaysia surges higher by midday,"May 13, 2025 @ 1:33pm",CORPORATE
Analysts caution on US-China tariff rollback's effect on glove makers,"May 13, 2025 @ 12:17pm",CORPORATE
Bursa Malaysia opens higher with US-China tariff pause,"May 13, 2025 @ 10:00am",CORPORATE
Bursa Malaysia retreats at midday on continuous profit-taking,"Apr 29, 2025 @ 1:41pm",CORPORATE
Bursa Malaysia mixed at midday,"Apr 28, 2025 @ 1:34pm",CORPORATE
Brokers ramp up security measures after account breach cases,"Apr 28, 2025 @ 11:29am",CORPORATE
Tenaga down Maybank for indoor title,"Apr 27, 2025 @ 11:36pm",HOCKEY
'Hang mai mana': Myanmar's little known Malay community,"Apr 27, 2025 @ 2:40pm",NATION
"[UPDATED] Appeals Court reinstates ex-judges' six-month jail term, RM25,000 fine for robbery","Apr 25, 2025 @ 3:58pm",CRIME & COURTS
Bursa Malaysia to continue uptrend following MITI-US officials meeting,"Apr 25, 2025 @ 1:48pm",CORPORATE
Bursa Malaysia opens higher in tandem with positive Wall Street,"Apr 25, 2025 @ 10:51am",CORPORATE
Nor Shahrizan named officer in charge following CEO Muzaffar's resignation,"Apr 24, 2025 @ 9:06pm",CORPORATE
"Asia FX range-bound, equities' rally fades on mixed US tariff signals","Apr 24, 2025 @ 1:05pm",CORPORATE
Syed Saddiq to know verdict on appeal to overturn conviction on June 25,"Apr 24, 2025 @ 10:50am",CRIME & COURTS
"Bursa Malaysia ends at intraday high, breaks 1,500 key level","Apr 23, 2025 @ 6:28pm",CORPORATE
"Bumi Armada earnings frontloaded in Q1, core profit seen up to RM250mil","Apr 23, 2025 @ 11:54am",CORPORATE
"Maybank, PUJB join forces to power JS-SEZ growth","Apr 22, 2025 @ 4:42pm",CORPORATE
Asia currencies subdued as Trump continues slamming Fed,"Apr 22, 2025 @ 4:02pm",CORPORATE
"Bursa opens lower on Trump-Fed row, trade fears","Apr 22, 2025 @ 10:04am",CORPORATE
"Ringgit opens higher, traders eye key RM4.36 support","Apr 22, 2025 @ 8:37am",ECONOMY
Johor charges ahead with RM99 bil in game-changing JS-SEZ investments,"Apr 22, 2025 @ 8:10am",CORPORATE
Bursa Malaysia ends little changed on subdued trading,"Apr 21, 2025 @ 5:59pm",CORPORATE
Paradigm REIT signs underwriting deal for Main Market listing,"Apr 21, 2025 @ 1:03pm",CORPORATE
Syed Saddiq's appeal hearing to resume on Thursday,"Apr 13, 2025 @ 4:51pm",CRIME & COURTS
Bursa Malaysia pares earlier losses to end marginally lower,"Apr 11, 2025 @ 6:09pm",CORPORATE
Bursa Malaysia ends morning session lower,"Apr 11, 2025 @ 1:32pm",CORPORATE
Stocks soar in relief rally after Trump pauses tariffs,"Apr 10, 2025 @ 4:19pm",CORPORATE
US assets left behind in relief rally after Trump pauses tariffs,"Apr 10, 2025 @ 1:47pm",CORPORATE
Vietnam coach to lead Asean All-Stars against Manchester United in KL,"Apr 10, 2025 @ 1:40pm",FOOTBALL
Bursa Malaysia ends morning session firmer,"Apr 10, 2025 @ 1:12pm",CORPORATE
Bursa Malaysia slips further at midday,"Apr 9, 2025 @ 2:03pm",CORPORATE
Market swings spur profit-taking in HSI-linked warrants,"Apr 9, 2025 @ 9:04am",CORPORATE
PHB Group declares 2.50 sen interim income distribution for AHB,"Apr 8, 2025 @ 6:07pm",CORPORATE
FBM KLCI ends almost flat on cautious sentiment,"Apr 8, 2025 @ 5:38pm",CORPORATE
"Rising policy, trade-related uncertainties may weigh on Westports' investment outlook.","Apr 8, 2025 @ 10:38am",CORPORATE
HSI-linked put warrants soar amid broad Asian market downturn,"Apr 8, 2025 @ 9:09am",CORPORATE
Singapore seen easing monetary policy as tariffs threaten growth,"Apr 7, 2025 @ 3:31pm",ECONOMY
"Bursa Malaysia broadly lower at midday, CI down 4.33pct","Apr 7, 2025 @ 1:18pm",CORPORATE
"Bursa Malaysia opens lower, CI slips below 1,500-mark","Apr 7, 2025 @ 9:35am",CORPORATE
Gig workers remain outside safety net,"Apr 7, 2025 @ 8:30am",ECONOMY
Is Bukit Kewangan losing its meaning as Bursa packs up for TRX? [BTTV],"Apr 7, 2025 @ 8:15am",CORPORATE
"Growing concerns of recession on revised GDP in major economies, US","Apr 6, 2025 @ 10:29am",ECONOMY
"Local banks may face slower loan growth, asset quality setback due to US tariff on Malaysia","Apr 4, 2025 @ 4:01pm",CORPORATE
Syed Saddiq's appeal hearing cut short as prosecutor loses voice [WATCH],"Mar 20, 2025 @ 3:53pm",CRIME & COURTS
Bursa Malaysia mixed at midday,"Mar 20, 2025 @ 1:24pm",CORPORATE
Court of Appeal to decide Syed Saddiq's fate today?,"Mar 20, 2025 @ 8:59am",CRIME & COURTS
"Bursa Malaysia stays lower at midday, bucks regional trend","Mar 19, 2025 @ 12:59pm",CORPORATE
"Opt for companies with strong fundamentals, proven track record for secure investments","Mar 19, 2025 @ 12:00pm",PROPERTY
Bursa Malaysia lower in early trade as it tracks Wall St decline,"Mar 19, 2025 @ 10:17am",CORPORATE
New hospital opening in Damansara intensifies competition [BTTV],"Mar 19, 2025 @ 8:53am",PROPERTY
Syed Saddiq's appeal against graft conviction to be heard tomorrow,"Mar 18, 2025 @ 4:47pm",CRIME & COURTS
Analyst: TNB remains a stable investment amid market volatility,"Mar 17, 2025 @ 12:37pm",CORPORATE
Bursa Malaysia opens higher on renewed sentiment,"Mar 17, 2025 @ 9:48am",CORPORATE
Yayasan Sabah offers 30pct loan rebate for students,"Mar 15, 2025 @ 8:13pm",NATION
"FBM KLCI rebounds at midday, driven by utilities, consumer stocks","Mar 14, 2025 @ 1:21pm",CORPORATE
Bursa Malaysia opens lower as US-EU trade tension rise,"Mar 14, 2025 @ 9:56am",CORPORATE
"Bursa Malaysia opens slightly higher, tracking Wall Street recovery","Mar 13, 2025 @ 10:15am",CORPORATE
"TikTok Shop Kecoh Bazar Raya: Catch Hael Husaini, Ernie Zakri and more","Mar 12, 2025 @ 5:06pm",NATION
Lim family scooping up Genting shares sends bullish signal: Analyst,"Mar 12, 2025 @ 4:36pm",CORPORATE
Bursa Malaysia opens lower depsite Wall Street's positive performance,"Mar 10, 2025 @ 9:58am",CORPORATE
Main Market-bound Hi Mobility aims to raise RM116mil from IPO,"Mar 7, 2025 @ 1:43pm",CORPORATE
Bursa Malaysia remains lower at midday on selling pressure,"Mar 7, 2025 @ 1:16pm",CORPORATE
"Bursa Malaysia opens lower, tracking Wall Street decline","Mar 7, 2025 @ 9:56am",CORPORATE
Maybank posts record RM10.09bil net profit in FY24 [BTTV],"Feb 26, 2025 @ 1:26pm",CORPORATE
Sarjit's Speedy Tigers start search for the new Faizal Saari,"Feb 26, 2025 @ 12:52pm",HOCKEY
Bursa Malaysia slightly higher in early trade,"Feb 26, 2025 @ 10:06am",CORPORATE
Analabs buys Maybank shares worth over 5pct of consolidated net assets,"Feb 25, 2025 @ 8:05pm",CORPORATE
"Bursa Malaysia stays in the red at midday, in sync with regional peers","Feb 25, 2025 @ 1:17pm",CORPORATE
Bursa Malaysia lower at midday amid mixed regional performance,"Feb 24, 2025 @ 1:29pm",CORPORATE
Petronas Chemicals drops 8.69pct on lower FY2024 profit,"Feb 24, 2025 @ 11:24am",CORPORATE
"Bursa Malaysia opens lower, tracking Wall Street's slump","Feb 24, 2025 @ 10:02am",CORPORATE
The same old sad MHL story,"Feb 23, 2025 @ 2:48pm",HOCKEY
Ice-cool Terengganu down Tenaga to complete MHL treble,"Feb 22, 2025 @ 10:53pm",HOCKEY
Terengganu out to stop fiery Tenaga in TNB Cup final,"Feb 21, 2025 @ 7:55pm",HOCKEY
Bursa Malaysia rebounds to end at intraday high on bargain hunting,"Feb 21, 2025 @ 5:25pm",CORPORATE
Bursa Malaysia rises as bargain hunters step in,"Feb 21, 2025 @ 10:04am",CORPORATE
Faizal fires Terengganu into TNB Cup final as treble dream stays alive,"Feb 20, 2025 @ 9:45pm",HOCKEY
Termination of CFO: Maybank urged to provide comprehensive explanation [BTTV],"Feb 19, 2025 @ 10:09pm",BUSINESS
Former bank manager claims trial to 58 counts of bribery [WATCH],"Feb 19, 2025 @ 3:33pm",CRIME & COURTS
Eco World's net gearing to stay healthy after Paragon Pinnacle stake acquisition,"Feb 19, 2025 @ 12:01pm",PROPERTY
Analyst: Maybank says no incidence of tampering with accounts,"Feb 19, 2025 @ 10:29am",CORPORATE
Bursa Malaysia opens easier amid cautious sentiment,"Feb 19, 2025 @ 9:53am",CORPORATE
"News@9: Today's top headlines - Feb 18, 2025 [WATCH]","Feb 18, 2025 @ 9:13pm",NATION
99 Speed Mart warrants slide amid stock consolidation,"Feb 13, 2025 @ 8:00am",CORPORATE
"Bursa Malaysia remains higher at midday, banking stocks lead gains","Feb 12, 2025 @ 1:57pm",CORPORATE
Malaysia's unemployment rate to average 3.2pct in 2025,"Feb 12, 2025 @ 10:17am",ECONOMY
Forest City SFZ has potential to attract affluent to ultra-high-net-worth individuals,"Feb 11, 2025 @ 5:14pm",ECONOMY
"Singapore banks to post higher Q4 profit, but Trump tariffs could hurt 2025 growth","Feb 7, 2025 @ 4:22pm",CORPORATE
"Police urge stricter company registration, bank account rules to combat scams","Feb 7, 2025 @ 10:09am",NATION
[UPDATED] Consultant conned of RM2.8mil,"Feb 6, 2025 @ 6:26pm",NATION
Bursa Malaysia ends stronger for fifth consecutive day,"Feb 6, 2025 @ 5:51pm",CORPORATE
Bursa Malaysia higher at midday,"Feb 6, 2025 @ 12:57pm",CORPORATE
Witness testifies to meeting Wan Saiful's representative on Jana Wibawa project,"Feb 5, 2025 @ 8:56pm",CRIME & COURTS
Asian currencies muted on trade war jitters; Indonesia reports steady growth,"Feb 5, 2025 @ 5:48pm",CORPORATE
"Indonesia's economy expands 5pct in 2024, more rate cuts seen in bumpy 2025","Feb 5, 2025 @ 4:14pm",ECONOMY
No urgency but AmBank may seek new suitor for insurance units,"Feb 5, 2025 @ 7:58am",CORPORATE
"Ex-civil servant sentenced to one-year jail, caning for cheating","Feb 4, 2025 @ 7:23pm",CRIME & COURTS
Prosecution objects to Wan Saiful's application to obtain Nepturis bank statements,"Feb 4, 2025 @ 6:18pm",CRIME & COURTS
Matador back to fully charged with foreign power,"Feb 3, 2025 @ 11:22pm",HOCKEY
"Travel company issued RM629,395 refund to Azlan Man","Feb 3, 2025 @ 8:56pm",CRIME & COURTS
MMC Port hires banks for over RM6 billion IPO,"Feb 3, 2025 @ 5:17pm",CORPORATE
Malaysian banks' earnings may pick up till 2026: Affin Hwang,"Feb 3, 2025 @ 2:57pm",CORPORATE
Trump's trade war salvo jolts markets,"Feb 3, 2025 @ 12:21pm",CORPORATE
Moneylending company director faces 5 CBT counts,"Jan 24, 2025 @ 6:12pm",CRIME & COURTS
Bursa Malaysia stays in the red at midday on profit-taking activities,"Jan 24, 2025 @ 1:47pm",CORPORATE
A-GC rejects representation by ex-Sessions Court judge convicted of corruption,"Jan 23, 2025 @ 7:53pm",CRIME & COURTS
Bursa Malaysia pulls back amid broad-based selling,"Jan 23, 2025 @ 6:15pm",CORPORATE
"Project manager charged with receiving RM50,000 bribe","Jan 23, 2025 @ 5:32pm",CRIME & COURTS
Bursa Malaysia stays in the red at midday on continuous profit-taking,"Jan 23, 2025 @ 1:39pm",CORPORATE
"Sunway Healthcare hires banks for RM3 billion IPO, sources say","Jan 23, 2025 @ 12:49am",CORPORATE
Bursa Malaysia turns positive at midday on improved sentiment,"Jan 20, 2025 @ 1:11pm",CORPORATE
Bursa Malaysia opens lower despite Wall St gains,"Jan 20, 2025 @ 10:21am",CORPORATE
Maybank outplay Matador in MHL,"Jan 17, 2025 @ 11:49pm",HOCKEY
"Bursa Malaysia slips in early trade, tracking weaker Wall Street performance","Jan 17, 2025 @ 9:41am",CORPORATE
Positive outlook for REITs on strong consumer spending and tourism recovery,"Jan 16, 2025 @ 4:09pm",CORPORATE
Pakistani Sufyan proving to be good buy for Matador,"Jan 16, 2025 @ 12:36pm",HOCKEY
Faizal fires four as Terengganu thrash Armed Forces,"Jan 15, 2025 @ 10:01pm",HOCKEY
Bursa Malaysia ends morning session weaker on continued selling,"Jan 15, 2025 @ 1:15pm",CORPORATE
Matador looking to Pakistani star for explosive start,"Jan 14, 2025 @ 12:43pm",HOCKEY
"Police sergeant claims trial to soliciting RM1,800","Jan 14, 2025 @ 12:26pm",CRIME & COURTS
Is MHL becoming Malaysia Haphazard League?,"Jan 13, 2025 @ 4:47pm",HOCKEY
[UPDATED] Bursa Malaysia's key index down 1.2pct at midday as investors take cover,"Jan 13, 2025 @ 1:03pm",CORPORATE
"Bursa Malaysia opens lower, tracking Wall Street losses","Jan 13, 2025 @ 10:10am",CORPORATE
Banks' earnings to strengthen till 2026,"Jan 2, 2025 @ 9:29am",CORPORATE
Maybank unhappy with MHL fixtures,"Dec 31, 2024 @ 6:52pm",HOCKEY
"Bursa Malaysia closes higher at midday break, key index above 1,630 points","Dec 30, 2024 @ 1:45pm",CORPORATE
Record-breaking RM81bil in 15 to 30-year bonds expected in 2025: Maybank IB,"Dec 27, 2024 @ 10:37am",CORPORATE
Keyfield issues first RM200mil tranche of RM1bil sukuk,"Dec 26, 2024 @ 7:55pm",CORPORATE
ASB dividend: How you can make the most of it [BTTV],"Dec 25, 2024 @ 12:16pm",CORPORATE
Analyst: ASB's 5.75 sen dividend shows the strength of the domestic stock market,"Dec 25, 2024 @ 8:00am",CORPORATE
PNB announces 5.75 sen a unit dividend for Amanah Saham Bumiputera [BTTV],"Dec 24, 2024 @ 11:27am",CORPORATE
"HeiTech Padu founder's daughter resigns as GCEO, former Maybank exec to lead company [BTTV]","Dec 24, 2024 @ 10:48am",CORPORATE
Bursa Malaysia breaks for midday mixed as buying interest focuses on banks,"Dec 23, 2024 @ 1:37pm",CORPORATE
"Pestech International relieves Pestech Technology CEO of duties, appoints Shahril Mokhtar as chairman","Dec 20, 2024 @ 3:57pm",CORPORATE
"Bursa Malaysia slips below 1,600 at midday","Dec 20, 2024 @ 1:37pm",CORPORATE
Bursa Malaysia ends mixed at midday,"Dec 18, 2024 @ 2:14pm",CORPORATE
USM donates RM20k to Media Prima Palestinian Humanitarian Fund,"Dec 14, 2024 @ 10:59pm",NATION
"BE International donates RM100,000 to Media Prima-NSTP Humanitarian Fund","Dec 14, 2024 @ 3:51pm",NATION
"Jana Wibawa project: PMO recommended five companies, including Nepturis: Witness","Dec 13, 2024 @ 8:16pm",CRIME & COURTS
Couple seek donation for baby's critical heart surgery,"Dec 13, 2024 @ 2:39pm",NATION
Australia's NT Stingers join Malaysian Hockey League action,"Dec 12, 2024 @ 8:49pm",HOCKEY
"Wan Saiful's corruption trial: Witness confirms RM976,380 deposited into 3 firms' accounts","Dec 12, 2024 @ 6:54pm",CRIME & COURTS
"Syed Saddiq files appeal petition, seeks acquittal in CBT case","Dec 12, 2024 @ 4:27pm",CRIME & COURTS
Ringgit's sharp appreciation hurt exporters earnings in Q3 - analyst,"Nov 29, 2024 @ 10:46am",CORPORATE
SP Setia's planned REIT set to boost growth trajectory,"Nov 27, 2024 @ 1:32pm",PROPERTY
"Bursa Malaysia holds firm near 1,600 level, tracks Wall Street's upswing","Nov 26, 2024 @ 10:10am",CORPORATE
"Bursa Malaysia maintains positive momentum to close higher, CI up 0.48 pct","Nov 25, 2024 @ 6:14pm",CORPORATE
Thai baht down as bullion loses shine; Singapore dollar slips post inflation data,"Nov 25, 2024 @ 4:25pm",ECONOMY
"Singapore Oct core inflation at 2.1 pct year-on-year, lowest in almost three years","Nov 25, 2024 @ 1:59pm",ECONOMY
I-Berhad reports robust Q3 results with profit nearly tripling,"Nov 18, 2024 @ 12:48pm",CORPORATE
Kossan Rubber shares rise in early trade after surprise special dividend,"Nov 18, 2024 @ 12:16pm",CORPORATE
Beverly Group partners two others for automated parking system at Milla Residence,"Nov 14, 2024 @ 7:47pm",CORPORATE
Bursa Malaysia ends lower at midday as progress in reducing US inflation slows,"Nov 14, 2024 @ 2:15pm",CORPORATE
"TikTok Shop's 11.11 livestream attracts 80,000 orders","Nov 12, 2024 @ 6:25pm",NATION
Syed Saddiq gets passport to attend forums in Jakarta,"Nov 12, 2024 @ 1:57pm",NATION
"Most Asian currencies, stocks retreat as China stimulus fails to impress","Nov 11, 2024 @ 4:25pm",ECONOMY
Get 'Best Price Guaranteed' deals at TikTok's 11.11 Mega Sale,"Nov 8, 2024 @ 12:48pm",NATION
"Trump policies could divert foreign funds  in China, HK to Malaysian equities [BTTV]","Nov 7, 2024 @ 11:51am",CORPORATE
Analysts positve on Malaysia's banking sector outlook,"Nov 7, 2024 @ 8:03am",CORPORATE
TikTok Shop 11.11 Mega Sale returns with RM11 million in vouchers,"Nov 6, 2024 @ 5:10pm",NATION
"Bursa Malaysia ends midday positive with utility, banking and healthcare stocks gaining","Nov 6, 2024 @ 1:43pm",CORPORATE
"FBM KLCI up 7 points mid-morning, broader market also positive","Nov 6, 2024 @ 11:36am",CORPORATE
"Bursa Malaysia up at midday on interest in construction, plantation stocks","Nov 4, 2024 @ 1:50pm",CORPORATE
Bursa Malaysia ends morning trading lower amidst weak sentiments,"Oct 24, 2024 @ 2:01pm",CORPORATE
Family of Malaysian involved in accident in Singapore seeks public assistance,"Oct 24, 2024 @ 6:36am",NATION
Vu is the one to watch at Maybank Championship,"Oct 23, 2024 @ 9:12pm",GOLF
Liyana ready for her big moment,"Oct 23, 2024 @ 7:34pm",GOLF
Keyfield files for RM1bil sukuk to SC,"Oct 23, 2024 @ 7:17pm",CORPORATE
TDM to raise up to RM1.5bil from sukuk issuance,"Oct 23, 2024 @ 6:33pm",CORPORATE
Bursa Malaysia slightly higher at midday due to mild buying activity,"Oct 23, 2024 @ 1:14pm",CORPORATE
Ashley leads local challenge at Maybank Championship,"Oct 22, 2024 @ 7:30pm",GOLF
Boutier targets back-to-back wins Maybank Championship,"Oct 22, 2024 @ 7:25pm",GOLF
Bursa Malaysia's early gains erode as investors lock in profits,"Oct 22, 2024 @ 10:16am",CORPORATE
Tax on dividends could make investors offload high-dividend stocks,"Oct 19, 2024 @ 8:02am",CORPORATE
Bursa Malaysia on firm ground ahead of 2025 Budget announcement,"Oct 18, 2024 @ 3:52pm",CORPORATE
Chinese visitors spend in Malaysia could exceed RM30bil next year,"Oct 18, 2024 @ 3:04pm",ECONOMY
MAE app incentivises savings through 'Tabung' feature,"Oct 17, 2024 @ 3:18pm",BOTS
Malaysia eyes Asean family office space through Islamic wealth management,"Oct 16, 2024 @ 3:29pm",CORPORATE
"RM50k needed for surgery: Help our girl live a normal life, plead parents","Oct 15, 2024 @ 5:43pm",NATION
Indonesia's Prabowo asks Sri Mulyani to remain as finance minister,"Oct 14, 2024 @ 11:15pm",ASEAN
"Asian stocks gain, currencies dip; focus on multiple cenbanks' rate verdict","Oct 14, 2024 @ 5:12pm",CORPORATE
Alliance Bank names former minister Amirsham A. Aziz as new chairman,"Oct 11, 2024 @ 6:45pm",CORPORATE
Malaysia enters full employment phase,"Oct 11, 2024 @ 1:16pm",NATION
Bursa Malaysia ends morning session higher in line with regional peers,"Sep 19, 2024 @ 12:50pm",CORPORATE
World No. 1 Korda faces biggest rivals at Maybank Championship,"Sep 18, 2024 @ 8:28pm",GOLF
Former BNM governor Tan Sri Ahmad Don dies at 77,"Sep 17, 2024 @ 6:41pm",CORPORATE
Bursa Malaysia higher in morning session tracking Wall Street's uptrend,"Sep 13, 2024 @ 10:35am",CORPORATE
"Bursa Malaysia closes higher at midday with buying in plantations, utilities stocks","Sep 12, 2024 @ 1:14pm",CORPORATE
"Balancing corporate, social agendas for GLCs and GLICs","Sep 11, 2024 @ 1:28pm",NATION
Global equity sell-off weighs on Bursa Malaysia at midday,"Sep 4, 2024 @ 1:08pm",CORPORATE
Bursa Malaysia opens lower tracking Wall Street's drop,"Sep 4, 2024 @ 9:44am",CORPORATE
FBM KLCI closes midday negative as buying interest props up broader market,"Sep 2, 2024 @ 1:46pm",CORPORATE
ASM 2 Wawasan declares 4.75 sen a unit income distribution for FY24,"Aug 30, 2024 @ 12:40pm",CORPORATE
Banking sector soared while tech disappointed in 2Q earnings tally - analyst,"Aug 30, 2024 @ 11:11am",CORPORATE
FBM KLCI sees choppy trading as broader market turns positive,"Aug 30, 2024 @ 10:03am",CORPORATE
"Liyana, Durriyah punch tickets to Maybank Championship","Aug 28, 2024 @ 8:46pm",GOLF
FBM KLCI jumps almost 30 points in morning session on banking rally,"Aug 28, 2024 @ 1:38pm",CORPORATE
TM to become digital powerhouse by 2030,"Aug 28, 2024 @ 1:32pm",NATION
Malaysian stocks outperform on earnings cheer; Asian currencies drop,"Aug 27, 2024 @ 5:22pm",CORPORATE
"Bursa Malaysia rises 0.71pct at mid-day on banking, telco boost","Aug 27, 2024 @ 1:35pm",CORPORATE
Michelle Koh and Co eye Maybank tickets through ASEAN Qualifier,"Aug 26, 2024 @ 11:03pm",GOLF
Southeast Asian players to vie for coveted Maybank Championship slots,"Aug 26, 2024 @ 7:13pm",GOLF
"Bursa Malaysia slips at midday on selling pressures in healthcare, property stocks","Aug 23, 2024 @ 1:13pm",CORPORATE
PNB to launch four-day premier financial literacy carnival on Aug 22,"Aug 7, 2024 @ 5:37pm",NATION
"FBM KLCI stages recovery, soars 2pct at midday","Aug 6, 2024 @ 1:15pm",CORPORATE
Local banks to see a resurgence of foreign investors,"Aug 6, 2024 @ 8:07am",CORPORATE
"LPP area general manager, deputy charged for CBT","Aug 4, 2024 @ 12:46pm",CRIME & COURTS
"More than RM400,000 from travel agency deposited into former Perlis MB's bank accounts, court told","Aug 2, 2024 @ 11:25am",CRIME & COURTS
#SHOWBIZ: Catch Karnival Jom Heboh in Terengganu from now until Saturday,"Aug 1, 2024 @ 11:47am",GROOVE
50-year-old female mountain guide from Negri Sembilan manages 20kg loads,"Aug 1, 2024 @ 10:43am",NATION
Karnival Jom Heboh kicks off in Terengganu with fun and family events,"Jul 31, 2024 @ 6:29pm",NATION
Bursa Malaysia ends higher on buying interest in financial heavyweights,"Jul 31, 2024 @ 6:20pm",CORPORATE
Bursa Malaysia closes lower at midday ahead of US interest rate decision,"Jul 30, 2024 @ 1:50pm",CORPORATE
"Singapore's central bank keeps policy unchanged, as expected","Jul 26, 2024 @ 8:48am",ECONOMY
"Johor, Sarawak and Penang: Malaysia's engine of growth [BTTV]","Jul 26, 2024 @ 8:25am",ECONOMY
World No. 1 Korda set to grace Maybank Championship,"Jul 25, 2024 @ 5:13pm",GOLF
Businesswoman pleads not guilty to accepting public deposits without licence,"Jul 25, 2024 @ 4:08pm",NATION
Bursa Malaysia opens lower tracking Wall Street's overnight selloff,"Jul 25, 2024 @ 9:51am",CORPORATE
"JSSEZ, data centres to drive Johor's real estate market","Jul 24, 2024 @ 4:10pm",PROPERTY
Bursa Malaysia dips at midday on profit-taking,"Jul 24, 2024 @ 2:05pm",CORPORATE
Malaysia's corporate earnings may grow 15.5pct in second half: Maybank IB,"Jul 23, 2024 @ 7:11pm",CORPORATE
"Ringgit among Asian currencies best performers, to trade at 4.60 versus dollar: Maybank IB","Jul 23, 2024 @ 6:27pm",ECONOMY
Bursa hits three-year high as foreign investors return,"Jul 22, 2024 @ 5:51pm",CORPORATE
Tropicana Alam's Avisa Residences in Puncak Alam offers 100% financing,"Jun 25, 2024 @ 2:48pm",BUSINESS
Bursa Malaysia stays higher at mid-morning,"Jun 25, 2024 @ 12:31pm",CORPORATE
Bursa Malaysia marginally lower at midday,"Jun 24, 2024 @ 2:56pm",CORPORATE
TalentCorp introduces five new categories for Life at Work Awards 2024,"Jun 24, 2024 @ 2:51pm",NATION
Shahriffuddin out to reclaim PKNS Selangor Masters,"Jun 18, 2024 @ 1:52pm",GOLF
89 Malaysian companies make Fortune's top 500 companies in Southeast Asia,"Jun 18, 2024 @ 1:51pm",CORPORATE
China's yuan holds near 7-month low as strong fixing offsets mixed economic data,"Jun 18, 2024 @ 12:59pm",CORPORATE
Call for effective succession planning,"Jun 18, 2024 @ 8:36am",CORPORATE
"Two businessmen plead not guilty to soliciting, accepting millions in bribes over alleged excise duty evasion","Jun 10, 2024 @ 2:31pm",CRIME & COURTS
Power Women Summit at MITEC inspires over 200 participants [WATCH],"Jun 8, 2024 @ 1:10pm",NATION
"Petronas still most valuable Malaysian brand, Maybank slips in Brand Finance rankings","Jun 6, 2024 @ 10:27am",CORPORATE
Malaysia's high potential startups revealed at MYStartup demo day,"Jun 6, 2024 @ 10:09am",CORPORATE
Aurelius Technologies fixes issue price for private placement at RM3.35 a share,"Jun 6, 2024 @ 9:46am",CORPORATE
#SHOWBIZ: Special 'Tanyalah Ustaz' edition unites 20 couples,"Jun 5, 2024 @ 7:01am",GROOVE
Two Customs enforcement assistants claim trial to bribery charges,"Jun 4, 2024 @ 4:50pm",CRIME & COURTS
"PublicInvest has 'buy' call on I-Berhad, anticipates stronger upcoming quarterly earnings","Jun 4, 2024 @ 12:53pm",CORPORATE
MARC appoints former EXIM CEO Arshad Mohamed as group CEO,"Jun 4, 2024 @ 12:53pm",CORPORATE
"Customs officer charged with 90 counts of receiving bribes amounting to RM84,800 [WATCH]","Jun 4, 2024 @ 11:58am",CRIME & COURTS
Test drive: Omoda E5 is a truly solid EV,"Jun 3, 2024 @ 8:11pm",CARS BIKES TRUCKS
"2 Customs officers charged over RM4,300 bribes","Jun 2, 2024 @ 11:49am",CRIME & COURTS
Baby needs funds for heart surgery,"May 13, 2024 @ 2:27pm",NATION
Syed Saddiq applies for temporary release of passport to go to Singapore and Taiwan,"May 10, 2024 @ 9:36pm",CRIME & COURTS
IILM issues US$1.03b of short-term sukuk,"May 9, 2024 @ 8:11am",CORPORATE
Maybank launches goal-based investment tool for beginners,"May 7, 2024 @ 4:02pm",BUSINESS
Princeton Digital secures RM1.28b green loan for AI-ready campus in Sedenak tech park,"May 7, 2024 @ 2:54pm",CORPORATE
"Port Klang congestion is temporary and manageable, industry players say","May 7, 2024 @ 8:21am",ECONOMY
"Civil servant jailed one year, fined RM255,000 for bribery","May 3, 2024 @ 5:23pm",CRIME & COURTS
Bursa Malaysia ends morning session mixed,"May 2, 2024 @ 1:49pm",CORPORATE
"Today's news in pictures - Wednesday, May 1, 2024","May 1, 2024 @ 10:05pm",NATION
"Teen with scoliosis seeks RM5,000 for spine brace replacement","Apr 30, 2024 @ 2:59pm",NATION
Jana Wibawa implemented after Cabinet approval - Witness,"Apr 29, 2024 @ 5:56pm",CRIME & COURTS
Syawal hopes to impress national coaches after Scottish stint,"Apr 26, 2024 @ 10:53am",HOCKEY
"SME Corp contributes RM10,000 to Media Prima Palestinian Humanitarian Fund","Apr 24, 2024 @ 4:38pm",NATION
NST Leader: The new world of flexi-work,"Apr 23, 2024 @ 12:00am",LEADER
Westports issues up to RM5bil sukuk,"Apr 19, 2024 @ 8:28pm",CORPORATE
NGOs to march on Labour Day to demand 'Living Wage',"Apr 18, 2024 @ 12:11am",NATION
Asean to sustain EV growth on low base while world market slows,"Apr 12, 2024 @ 1:42pm",CARS BIKES TRUCKS
Defender Kamarulzaman makes jump from hockey 5s to field hockey,"Apr 9, 2024 @ 2:08pm",HOCKEY
Bursa Malaysia higher in early trade on bargain hunting,"Apr 9, 2024 @ 11:22am",BUSINESS
Press Metal likely to post slightly better profit in Q1 on higher aluminium spot prices,"Apr 5, 2024 @ 10:20am",CORPORATE
No change to 'sell' call on Globetronics,"Mar 13, 2024 @ 8:25am",CORPORATE
Bursa Malaysia extends gains to close higher for fourth straight day,"Mar 12, 2024 @ 6:18pm",CORPORATE
Who is Sarjit's mysterious third assistant?,"Mar 11, 2024 @ 8:36pm",HOCKEY
"Gentari teams up with Maybank in green mobility, RE","Mar 11, 2024 @ 6:24pm",CORPORATE
Terengganu's Hafizuddin is MHL best goalkeeper for the third time,"Mar 11, 2024 @ 3:27pm",HOCKEY
TA Securities attaches almost 12pc premium to Prolintas Infra Business Trust's share price ahead of listing,"Mar 11, 2024 @ 12:42pm",CORPORATE
'Any potential spike in bad loans unlikely to hurt banks' asset quality',"Mar 11, 2024 @ 9:56am",CORPORATE
Mercu Maybank wins Fiabci's office category award,"Mar 10, 2024 @ 5:38pm",CORPORATE
'MHL has potential to rival top European hockey leagues',"Mar 10, 2024 @ 3:21pm",HOCKEY
Tenaga clinch historic treble with thrilling TNB Cup victory,"Mar 9, 2024 @ 11:03pm",HOCKEY
Preparing for Ramadan: Perak and Selangor announce zakat fitrah rates,"Mar 8, 2024 @ 5:26pm",NATION
Tenaga Nasional's two live wires threaten Terengganu in TNB Cup final,"Mar 8, 2024 @ 2:33pm",HOCKEY
Terengganu to meet Tenaga in TNB Cup final,"Mar 8, 2024 @ 12:56am",HOCKEY
"Ringgit versus US dollar at 4.40 in 2024, says Maybank IB","Mar 7, 2024 @ 7:42pm",ECONOMY
Banks exploring ways for mobile banking apps to better address malware issues on devices,"Mar 7, 2024 @ 6:28pm",NATION
NSRC asked to consider operating 24/7,"Mar 7, 2024 @ 4:33pm",NATION
"Chery Malaysia launches Omoda E5, CKD in the works","Mar 7, 2024 @ 12:06pm",CARS BIKES TRUCKS
Optimax poised to do better with new high-margin plastic surgery division,"Mar 7, 2024 @ 12:04pm",CORPORATE
"Gas Malaysia has a minor edge among gas utilities, says Maybank IB.","Mar 7, 2024 @ 11:58am",CORPORATE
Telco CEO charged with fraud over RM47.25 million contract award,"Mar 6, 2024 @ 6:07pm",CRIME & COURTS
Tenaga set to end 21-year title outage,"Feb 26, 2024 @ 7:47pm",HOCKEY
Profit-taking on FBM KLCI to continue,"Feb 26, 2024 @ 8:43am",INSIGHT
Tigers bank in seven goals,"Feb 23, 2024 @ 10:51pm",HOCKEY
State minister says more security measures needed to address rampant crime in KK,"Feb 22, 2024 @ 9:16pm",NATION
"Kelantan Amanah Ikhtiar Malaysia contributes about RM14,000 to MPB Palestinian Humanitarian Fund","Feb 22, 2024 @ 4:10pm",NATION
Azrai scores five as Tenaga thrash KL City 13-0,"Feb 21, 2024 @ 10:16pm",HOCKEY
"Ex-PHB manager charged with money laundering of RM40,000","Feb 21, 2024 @ 1:54pm",CRIME & COURTS
Domestic airfares - the only way is up,"Feb 21, 2024 @ 12:35pm",CORPORATE
"Malaysian ringgit at 26-yr low, yuan wobbly after China cuts mortgage reference rates","Feb 20, 2024 @ 2:39pm",ECONOMY
"Power Root contributes RM250,000 to Media Prima Palestinian Humanitarian Fund","Feb 20, 2024 @ 12:51pm",NATION
FY24 would see a loss for Cypark Resources: Maybank IB,"Feb 20, 2024 @ 9:08am",CORPORATE
Banking industry needs to remain competitive in postnormal times — Anwar,"Feb 19, 2024 @ 10:15pm",ECONOMY
Malaysia's first highway business trust to list by March,"Feb 19, 2024 @ 10:13pm",CORPORATE
"Tunku Alizakri, former EPF CEO, resigns from United Plantations due to ""perceived conflict of interest""","Feb 19, 2024 @ 9:38pm",CORPORATE
Maybank to disburse RM18bil to SMEs in 2024,"Feb 19, 2024 @ 5:49pm",CORPORATE
"Malaysia Madani white rice initiative won't benefit cartels, says PM","Feb 19, 2024 @ 5:42pm",NATION
Malaysia's current account surplus dropped to 0.1pc of GDP in Q4 2023,"Feb 19, 2024 @ 4:14pm",ECONOMY
YTL Reit enriches asset portfolio,"Feb 19, 2024 @ 10:27am",PROPERTY
Tenaga thrash Armed Forces 15-1 in MHL,"Feb 18, 2024 @ 8:44pm",HOCKEY
Overbought momentum conditions point to profit-taking consolidation,"Feb 18, 2024 @ 4:07pm",CORPORATE
Growing momentum for Shah Alam; pent-up demand for high-rise homes,"Feb 2, 2024 @ 8:32am",PROPERTY
"Biodata of Her Majesty Raja Zarith Sofiah, Queen of Malaysia","Feb 1, 2024 @ 11:01am",NATION
THT's reign in danger with new rise of rivals,"Jan 31, 2024 @ 9:11pm",HOCKEY
"""'The local auto industry is transforming with EVs in focus and a rise in FDIs""'","Jan 31, 2024 @ 8:13am",CORPORATE
Profit-taking ends Bursa Malaysia's six-day winning streak,"Jan 30, 2024 @ 6:51pm",CORPORATE
Tenaga switch to Korean power for MHL,"Jan 30, 2024 @ 12:15pm",HOCKEY
Asian currencies mostly subdued; rupiah hit by political woes,"Jan 29, 2024 @ 1:56pm",ECONOMY
Catalysts needed to sustain FBM KLCI uptrend,"Jan 29, 2024 @ 8:21am",INSIGHT
"Sheringham laments lack of leadership, top players at United","Jan 24, 2024 @ 6:58pm",FOOTBALL
"Bursa Malaysia firmer at midday, FBM KLCI remains above 1,500","Jan 24, 2024 @ 1:14pm",CORPORATE
"Bursa Malaysia opens higher, FBM KLCI surpasses 1,500 points","Jan 24, 2024 @ 9:34am",CORPORATE
Maybank Islamic first to unveil Shariah-compliant portfolio financing,"Jan 23, 2024 @ 8:43pm",CORPORATE
Bursa Malaysia ends higher for third straight day ahead of OPR decision,"Jan 23, 2024 @ 6:56pm",CORPORATE
LBS Bina raises RM200m from Sukuk Wakalah programme,"Jan 23, 2024 @ 2:35pm",CORPORATE
"""Farm Fresh to see better QoQ performance in 3QFY24""","Jan 23, 2024 @ 11:00am",CORPORATE
Bursa Malaysia ends higher at midday on bargain hunting,"Jan 19, 2024 @ 1:55pm",CORPORATE
MPB hands over contribution to help MRA in its initiatives for Palestine,"Jan 18, 2024 @ 5:17pm",NATION
AMRO: Johor-Singapore Economic Zone to be game changer for Malaysia in the long run,"Jan 18, 2024 @ 2:31pm",ECONOMY
"Maybank IB maintains ""Sell"" call on Ranhill Utilities despite impending water tariff hike","Jan 18, 2024 @ 1:39pm",CORPORATE
Resorts World Sentosa operator may bid for casino licence to tap influx of foreign tourists,"Jan 18, 2024 @ 8:12am",CORPORATE
"#NSTviral: Woman refuses to pay RM15 for parking in Bukit Bintang, comes back to scratched car [WATCH]","Dec 28, 2023 @ 9:30am",NST VIRAL
Malaysian Open returns to Asian Tour,"Dec 22, 2023 @ 3:05pm",GOLF
"Media Prima hands over RM700,000 donation for Palestinians to Mercy Malaysia","Dec 21, 2023 @ 6:10pm",NATION
"MMEA officer fined RM7,000 for accepting RM500","Dec 21, 2023 @ 12:05pm",CRIME & COURTS
"""Firmer economy growth of 4.4pc expected in 2024""","Dec 19, 2023 @ 9:01am",ECONOMY
"""Eco World International likely to pay dividend of 25 sen a share in FY24""","Dec 14, 2023 @ 3:53pm",CORPORATE
"""Itmax System a favourite for contracts in the smart city space""","Dec 8, 2023 @ 12:44pm",CORPORATE
"""Roll-out of major infra projects and better contributions from phosphates upsides for Cahya Mata Sarawak""","Dec 8, 2023 @ 11:47am",CORPORATE
Berjaya Food keeping mum on impact of Starbucks Coffee boycott,"Dec 8, 2023 @ 9:44am",CORPORATE
Baby Saeef in need of funds to treat heart ailment,"Dec 7, 2023 @ 7:28pm",NATION
Gene therapy provides hope for Ooi's type II spinal muscular atrophy,"Dec 7, 2023 @ 5:39pm",NATION
(Updated) E-wallet providers say initial day glitches for RM100 e-Madani claims now sorted,"Dec 6, 2023 @ 7:26pm",ECONOMY
Netizens applaud quick action by government in addressing eMadani application glitches,"Dec 6, 2023 @ 3:20pm",NATION
"Strong vehicle sales, brand presence to help sustain UMW's earnings","Dec 6, 2023 @ 12:56pm",CORPORATE
"Economists: RM1bil e-Madani injection ""meagre"" but creates good economy","Dec 6, 2023 @ 8:21am",ECONOMY
"eMadani applicants happy with application process, despite early hiccups [NSTTV]","Dec 5, 2023 @ 11:23pm",NATION
Complaints over e-Madani claims create social media storm [NSTTV],"Dec 5, 2023 @ 1:39pm",CORPORATE
How to redeem your RM100 eMadani credit [NSTTV],"Dec 4, 2023 @ 12:58pm",NATION
Merdeka 118: The gold standard in sustainability,"Dec 4, 2023 @ 9:13am",FEATURE
"(Updated) E-wallet providers offer free points, vouchers as RM100 e-Madani redemption kicks off","Dec 4, 2023 @ 9:09am",CORPORATE
Syed Saddiq files appeal over jail sentence,"Nov 9, 2023 @ 4:54pm",CRIME & COURTS
"Syed Saddiq: 'As a politician, I need to become whiter than white'","Nov 9, 2023 @ 3:11pm",CRIME & COURTS
Prosecutor hopes Syed Saddiq's prison term is a lesson to MPs: 'Do not betray trust',"Nov 9, 2023 @ 2:39pm",CRIME & COURTS
Syed Saddiq first politician to face whipping sentence [NSTTV],"Nov 9, 2023 @ 2:06pm",CRIME & COURTS
"""YTL Power and YTL Corp could be new constituents of FBM KLCI""","Nov 9, 2023 @ 11:57am",CORPORATE
"Syed Saddiq gets 7 years' jail, caning and RM10m fine for financial crimes [NSTTV]","Nov 9, 2023 @ 11:56am",CRIME & COURTS
Syed Saddiq found guilty [NSTTV],"Nov 9, 2023 @ 10:16am",CRIME & COURTS
"Bank clerk loses RM585,700 after falling for investment scam","Nov 9, 2023 @ 9:44am",CRIME & COURTS
High Court to deliver verdict on Syed Saddiq's corruption charges tomorrow,"Nov 8, 2023 @ 3:43pm",CRIME & COURTS
FBM KLCI ends morning session lower,"Nov 8, 2023 @ 1:37pm",CORPORATE
"Sports Toto could go up ESG ranking with focus on governance, dividend payout","Nov 6, 2023 @ 1:40pm",CORPORATE
Inami wins LPGA Japan Classic after Hataoka collapse,"Nov 5, 2023 @ 8:25pm",GOLF
"Hataoka, Kuwaki share lead at LPGA Japan Classic","Nov 4, 2023 @ 6:55pm",GOLF
Bank Negara has compelling reasons to keep OPR at 3pct,"Nov 3, 2023 @ 11:37am",PROPERTY
RM100k needed for 6-year-old's heart surgery,"Oct 31, 2023 @ 1:36pm",NATION
"Genting Plantations a ""Buy"" for its ""under-appreciated"" land bank","Oct 30, 2023 @ 1:42pm",CORPORATE
Boutier wins Maybank Championship after nine-hole playoff,"Oct 29, 2023 @ 7:56pm",GOLF
Rookie Natasha draws experience ahead of LPGA Tour debut,"Oct 29, 2023 @ 6:55pm",GOLF
No request for assistance from golfer Natasha as she targets Olympic debut,"Oct 28, 2023 @ 9:18pm",GOLF
Robson: Red Devils need derby victory for confidence boost,"Oct 28, 2023 @ 5:23pm",FOOTBALL
Malaysia's maiden quarterly GDP advanced estimate shows economy to grow 3.3pct in Q3,"Oct 23, 2023 @ 10:22am",ECONOMY
Subdued Q3 earnings for Swift?,"Oct 20, 2023 @ 1:28pm",CORPORATE
Bursa Malaysia continues downtrend on cautious sentiment,"Oct 20, 2023 @ 10:01am",CORPORATE
"Legal firm ex-clerk charged with CBT, money laundering","Oct 18, 2023 @ 2:49pm",CRIME & COURTS
Bursa Malaysia closes higher tracking regional markets,"Oct 17, 2023 @ 5:52pm",CORPORATE
PM wants bumiputera agency leaders to prioritise good governance and efficient management of public funds,"Oct 17, 2023 @ 5:50pm",NATION
PHB announces issuance of 1 billion additional units for AHB Scheme,"Oct 17, 2023 @ 3:54pm",NATION
Saarani: Perak seeks 400ha site for its new high-tech industrial park,"Oct 16, 2023 @ 3:16pm",PROPERTY
"""Stamp duty on foreign buyers to offset MM2H rules relaxation""","Oct 15, 2023 @ 2:16pm",PROPERTY
"Asian equities, FX retreat after strong US inflation report","Oct 13, 2023 @ 3:17pm",CORPORATE
"MYAirline's woes could mean bumper 4Q for Capital A, mild impact for MAHB","Oct 13, 2023 @ 10:10am",CORPORATE
Singapore keeps monetary policy settings unchanged,"Oct 13, 2023 @ 9:03am",ECONOMY
'Oil price to remain high in medium term',"Oct 12, 2023 @ 3:33pm",CORPORATE
"Company owner claims trial to giving false claims, forged document and cheating Sosco","Oct 12, 2023 @ 1:41pm",CRIME & COURTS
One Shah Alam one destination and the Royal city of Klang,"Oct 12, 2023 @ 9:23am",PROPERTY
Malaysian Relief Agency launches emergency fund for Palestine,"Oct 11, 2023 @ 3:32pm",NATION
"Maybank, Sime Darby Property offer instant home loan approval","Oct 10, 2023 @ 6:54pm",CORPORATE
Maybank and CIMB leaders in managing climate transition,"Oct 10, 2023 @ 3:05pm",ESG
MAIPk receives RM16.8 million in business tithes,"Oct 10, 2023 @ 12:07am",NATION
Rookie of the Year title boost for Natasha ahead of Maybank Championship,"Oct 9, 2023 @ 6:26pm",GOLF
YTL seeking suitable sites to expand AC Hotel,"Sep 22, 2023 @ 8:43am",PROPERTY
"Bursa Malaysia ends on losing end, again","Sep 21, 2023 @ 5:46pm",CORPORATE
Syed Saddiq to learn fate on Nov 9 in corruption case involving Bersatu Youth funds,"Sep 21, 2023 @ 1:25pm",CRIME & COURTS
Maybank IB's Sustainalytics scores of listed firms still positive,"Sep 21, 2023 @ 12:49pm",BUSINESS
Golfer Ashley joins the big names in South Korea,"Sep 20, 2023 @ 11:08pm",GOLF
Malaysian stocks in cautious trade ahead of Fed's decision,"Sep 20, 2023 @ 9:40am",CORPORATE
Court will determine date for Syed Saddiq's corruption trial verdict,"Sep 18, 2023 @ 2:18pm",CRIME & COURTS
"Media Prima, Mercy Malaysia launch campaigns for Morocco earthquake and Libya flood victims","Sep 17, 2023 @ 2:45pm",NATION
"""Bursa Malaysia on bearish mode""","Sep 14, 2023 @ 7:09pm",CORPORATE
"""Bursa Malaysia on bearish mode""","Sep 14, 2023 @ 7:06pm",BUSINESS
Golf: Korda set to grace Maybank Championship,"Sep 14, 2023 @ 4:24pm",GOLF
"""MyEG done no wrong, official contract extension in coming weeks""","Sep 14, 2023 @ 12:35pm",CORPORATE
"""MyEG done no wrong, official contract extension in coming weeks""","Sep 14, 2023 @ 12:33pm",BUSINESS
"Padi farmer sentenced to nearly 27 years' jail, fined RM37,000 for defrauding RM32,000 from victims","Sep 13, 2023 @ 4:33pm",CRIME & COURTS
"Couple seek RM80,000 to help fund daughter's heart operation","Sep 12, 2023 @ 5:13pm",NATION
YTL Hospitality REIT acquires Hotel Stripes Kuala Lumpur for RM138 mln,"Sep 7, 2023 @ 8:36am",PROPERTY
"Maybank Islamic, Lembaga Zakat Selangor to improve Zakat collection, distribution","Sep 6, 2023 @ 12:41pm",NATION
"Court releases Wan Saiful's passport, allowed to attend official trip in Japan","Sep 6, 2023 @ 12:34pm",CRIME & COURTS
What's whetting investors' appetite for Menara Maybank?,"Sep 5, 2023 @ 3:39pm",PROPERTY
Reporting season results broadly meet expectations,"Sep 5, 2023 @ 7:30am",BUSINESS
Maybank unveils Asean's first credit card that tracks users' carbon footprints,"Aug 16, 2023 @ 4:59pm",BUSINESS
Maybank IB Research upgrades Magnum to Buy on status quo in 3 states,"Aug 14, 2023 @ 11:32am",BUSINESS
"Container shipping's supply, demand imbalance not likely to end soon: Maybank IB","Aug 8, 2023 @ 3:02pm",BUSINESS
Bursa Malaysia ends midday higher on buying support for heavyweights,"Aug 8, 2023 @ 1:16pm",BUSINESS
"""Will Merdeka 118 be fully occupied by the end of 2024?""","Aug 8, 2023 @ 8:06am",BUSINESS
Foreign investors continue buying spree for 4th consecutive week,"Aug 7, 2023 @ 11:13am",BUSINESS
"Grab, other p-hailing firms impose ""extortionist charges"" on Malaysian SMEs?","Aug 6, 2023 @ 12:47pm",BUSINESS
Bursa Malaysia closes morning trade higher,"Aug 4, 2023 @ 1:19pm",BUSINESS
"104 receive Pahang state awards, medals","Aug 4, 2023 @ 12:33am",NATION
"Sultan Nazrin presents certificates of appreciation, CA|TS accreditation in conjunction with global tiger day","Aug 3, 2023 @ 4:37pm",NATION
Developers unfazed by the influx of commercial supply as new trends drive the market,"Aug 2, 2023 @ 1:17pm",PROPERTY
Zahid's corruption trial postponed for a day,"Aug 2, 2023 @ 11:15am",CRIME & COURTS
Court hears more testimonies on incompetence of Zahid's ex-secretary,"Aug 1, 2023 @ 5:38pm",CRIME & COURTS
"No decision on representation letters, Zahid's corruption trial continues","Aug 1, 2023 @ 10:29am",CRIME & COURTS
AG's Chambers may announce decision tomorrow on representation from Zahid,"Jul 31, 2023 @ 8:40pm",NATION
Maybank Investment Bank lauds Madani economy's focus on current issues,"Jul 31, 2023 @ 12:17pm",BUSINESS
KLSSRC appeal for financial help,"Jul 31, 2023 @ 12:08am",HOCKEY
Maybank clarifies stance on outlook for Malaysian economy,"Jul 28, 2023 @ 7:40pm",BUSINESS
"Bursa Malaysia opens lower, but picks up as PM launches Madani Economy plan","Jul 27, 2023 @ 9:48am",BUSINESS
Parents seek funds to enable life-changing surgery for 3-year-old with rare bone condition,"Jul 26, 2023 @ 7:03pm",NATION
"Bursa Malaysia fails to hold above 1,400 points","Jul 13, 2023 @ 1:18pm",BUSINESS
MACC: Muda lacks standing to sue over Nazlan probe,"Jul 12, 2023 @ 5:22pm",NATION
"""Latest job win paves way for Itmax System in smart healthcare space""","Jul 12, 2023 @ 12:34pm",BUSINESS
The RM10bil i-City smart project to lead Shah Alam's transition into a global metropolis,"Jul 12, 2023 @ 11:39am",PROPERTY
Gig economy contributed to dip in youth unemployment,"Jul 11, 2023 @ 2:13pm",BUSINESS
Better margins for RE players from lifting of export ban,"Jul 11, 2023 @ 10:19am",BUSINESS
Foreign investors continued selling streak on Bursa Malaysia last week,"Jul 10, 2023 @ 10:28am",BUSINESS
My EG's share price jumps as much as 9 pct on contract extension,"Jul 10, 2023 @ 10:22am",BUSINESS
Bank Negara likely to keep OPR at 3pct,"Jul 8, 2023 @ 1:34pm",BUSINESS
Asian FX weaken as dollar firms; ringgit unchanged after c.bank holds,"Jul 6, 2023 @ 4:53pm",BUSINESS
Former Youth and Sports Ministry secretary found guilty of corruption and money-laundering,"Jul 6, 2023 @ 11:07am",CRIME & COURTS
"Ex-Youth and Sports Ministry secretary accused of graft, money laundering to know fate tomorrow","Jul 5, 2023 @ 2:14pm",CRIME & COURTS
Foreign investors sell RM1.35bil of Malaysian equities in June,"Jul 5, 2023 @ 2:07pm",BUSINESS
Bank Negara to maintain OPR at 3pc?,"Jul 5, 2023 @ 8:23am",BUSINESS
"""The Crown"" emerges as winner of ASM Artscience prize 2022 competition","Jul 5, 2023 @ 8:20am",NATION
"Ex-traffic cop fined RM30,000 for receiving bribes","Jul 4, 2023 @ 11:26pm",CRIME & COURTS
Bursa Malaysia falls on lack of cues from US markets,"Jul 4, 2023 @ 6:29pm",BUSINESS
FBM KLCI closes four points lower at midday,"Jul 4, 2023 @ 2:10pm",BUSINESS
Maybank IB expects another 25 basis points increase in OPR as early as this week,"Jul 4, 2023 @ 11:25am",BUSINESS
Bursa Malaysia erases earlier gains to close broadly lower,"Jun 30, 2023 @ 6:27pm",BUSINESS
"Civil servant fined RM5,500 for forging catering invoice","Jun 19, 2023 @ 3:25pm",CRIME & COURTS
PM: MACC found no criminal offences committed in Nazlan probe [NSTTV],"Jun 19, 2023 @ 2:22pm",NATION
"Boustead Plantation could go for up to RM3 billion, analysts say","Jun 19, 2023 @ 1:54pm",BUSINESS
Analysts expect Top Glove to return to the black in FY2025,"Jun 19, 2023 @ 11:17am",BUSINESS
Bursa Malaysia opens lower on cautious trade,"Jun 19, 2023 @ 9:35am",BUSINESS
Bursa Malaysia rebounds slightly on stronger Wall Street,"Jun 16, 2023 @ 9:42am",BUSINESS
Bursa Malaysia lower at midday,"Jun 15, 2023 @ 10:04am",BUSINESS
"Maybank Islamic eyes 50,000 customers for EzyWasiat","Jun 15, 2023 @ 8:18am",BUSINESS
Bursa Malaysia recoups earlier losses to end higher,"Jun 14, 2023 @ 8:12pm",BUSINESS
Bursa Malaysia opens higher in early trade,"Jun 14, 2023 @ 9:57am",BUSINESS
Bursa Malaysia reverses yesterday's gains to close lower,"Jun 13, 2023 @ 5:57pm",BUSINESS
Man appeals for funds to buy prosthetic leg after amputation due to diabetes,"Jun 13, 2023 @ 5:31pm",NATION
Bursa Malaysia opens mixed,"Jun 13, 2023 @ 9:40am",BUSINESS
"Bursa Malaysia higher on improved sentiment, KLCI may test 1,400","Jun 12, 2023 @ 8:04pm",BUSINESS
Bursa Malaysia opens higher on Wall St bounce,"Jun 12, 2023 @ 10:19am",BUSINESS
"Abdul Rasheed is synonymous to vast experience, knowledge - Economist","Jun 11, 2023 @ 2:35pm",BUSINESS
"Abdul Rasheed is synonymous to vast experience, knowledge - economist","Jun 11, 2023 @ 10:34am",NATION
"Abdul Rasheed's impeccable track record, vast experience key in leading Bank Negara: Maybank & ABM","Jun 10, 2023 @ 12:24am",BUSINESS
Bursa Malaysia rebounds on stronger Wall Street,"Jun 9, 2023 @ 10:10am",BUSINESS
Sentral REIT to acquire Menara CelcomDigi from MRCB for over RM500mil?,"Jun 9, 2023 @ 9:24am",PROPERTY
I-Berhad expects higher earnings from all of its business segments this year,"May 29, 2023 @ 11:13am",BUSINESS
"Maybank IB expects TM to move away from the MSAP impact, towards positive profit performance","May 26, 2023 @ 11:34am",BUSINESS
Inari Amertron's Q3 results were weaker than expected: IB Maybank,"May 26, 2023 @ 10:41am",BUSINESS
Bursa Malaysia opens slightly higher but retreats thereafter,"May 26, 2023 @ 10:10am",BUSINESS
I-Berhad is hopeful about the company's growth prospects,"May 25, 2023 @ 7:13pm",BUSINESS
Khazanah returns to dollar bond market with US$1.5bil dual-tranche issuance,"May 25, 2023 @ 7:01pm",BUSINESS
Maybank post RM2.27 bil profit in Q1,"May 25, 2023 @ 10:20am",BUSINESS
"Teen needs RM80,000 for heart surgery","May 24, 2023 @ 5:47pm",NATION
Maybank net profit for Q1 rose 10.7pc to RM2.27bil,"May 24, 2023 @ 2:37pm",BUSINESS
Ex-institute chief claims trial to laundering RM1 million,"May 24, 2023 @ 1:56pm",CRIME & COURTS
Bursa Malaysia opens slightly higher,"May 24, 2023 @ 9:58am",BUSINESS
"Headmaster charged with CBT involving RM3,600 in rental of school's vending machine","May 23, 2023 @ 5:34pm",CRIME & COURTS
"Man jailed, fined for corruption","May 23, 2023 @ 5:12pm",CRIME & COURTS
"Civil servant and Datuk claim trial to taking RM780,000 in bribes over palm oil tax fraud","May 23, 2023 @ 3:38pm",CRIME & COURTS
Positive outlook for QL Resources: Maybank IB,"May 23, 2023 @ 9:47am",BUSINESS
"Maxis' dividend is lower than projected, says Maybank IB","May 22, 2023 @ 1:35pm",BUSINESS
Market upbeat after US administration opts to raise the US31 trillion debt ceiling: MIDF Research,"May 22, 2023 @ 10:14am",BUSINESS
Maybank's sixth MyTIGER Values Art Competition is now open!,"May 21, 2023 @ 9:00am",SUNDAY VIBES
Gas Malaysia's earnings likely to fall in the coming quarters: Maybank IB,"May 19, 2023 @ 11:29am",BUSINESS
Bursa Malaysia retreats after opening marginally higher,"May 18, 2023 @ 10:18am",BUSINESS
"Bursa Malaysia opens lower, tracking Wall Street performance","May 3, 2023 @ 10:01am",BUSINESS
More interest in Islamic Wealth Management,"May 2, 2023 @ 4:39pm",BUSINESS
"Eco World International shares jump on RM900mil dividend, RM1.5bil capital reduction","May 2, 2023 @ 1:44pm",BUSINESS
"Household loan growth for mortgages, personal loans, slower at 5.4 pct in March","May 2, 2023 @ 11:12am",PROPERTY
Tabung Haji records 3.1pct profit distribution for 2022,"Apr 28, 2023 @ 12:05pm",NATION
"Maybank IB maintains 'Buy' call on Axiata, 'Hold' on CelcomDigi","Apr 26, 2023 @ 10:18am",BUSINESS
"Sustainable practices can benefit fundamental company goals, says Avanade","Apr 23, 2023 @ 12:47pm",BUSINESS
"Bursa higher in early trade, retreats thereafter","Apr 20, 2023 @ 10:20am",BUSINESS
Kelly looks to rediscover form at Chevron Championships,"Apr 19, 2023 @ 6:34pm",GOLF
"Court postpones decision on former Sports Ministry senior officer's corruption, money laundering case","Apr 19, 2023 @ 5:08pm",CRIME & COURTS
Bursa Malaysia opens lower amid interest rate hike concerns,"Apr 19, 2023 @ 10:23am",BUSINESS
10-year-old scoliosis patient seeks donations for spinal brace,"Apr 18, 2023 @ 3:08pm",NATION
Syed Saddiq gets back passport to attend conferences in Switzerland and South Korea,"Apr 18, 2023 @ 11:44am",CRIME & COURTS
Bursa Malaysia opens marginally higher but turns lower thereafter,"Apr 18, 2023 @ 10:11am",BUSINESS
Three banks to underwrite 160mil shares ahead of DXN's Main Board listing,"Apr 17, 2023 @ 3:07pm",BUSINESS
"Bursa Malaysia opens lower, tracking Wall Street performance","Apr 17, 2023 @ 10:07am",BUSINESS
Federal government to give immediate attention to landslides in Kenyir Lake - PM,"Apr 15, 2023 @ 9:52pm",NATION
Bursa Malaysia opens higher on dovish PPI data,"Apr 14, 2023 @ 9:57am",BUSINESS
"Boy, 13, needs RM10,384 for new prosthetic leg","Apr 13, 2023 @ 5:06pm",NATION
Bursa Malaysia opens lower on negative Wall Street cues,"Apr 13, 2023 @ 9:58am",BUSINESS
Norijan's RM1 nasi lemak is here to stay,"Apr 1, 2023 @ 1:25pm",NATION
Jakel Capital welcomes Datuk Ami Moris's appointment as director at Cypark Resources,"Mar 31, 2023 @ 3:37pm",BUSINESS
"RM1.64bil income distribution for ASB 2, ASM","Mar 30, 2023 @ 5:27pm",BUSINESS
Bursa rises in the early session as sentiments improve,"Mar 29, 2023 @ 10:19am",BUSINESS
Yeoh pledges to assist turfless NSAs,"Mar 28, 2023 @ 4:00pm",OTHERS
Maybank Championship becomes richest LPGA Tour event in Asia,"Mar 28, 2023 @ 3:15pm",GOLF
RM2.9bil gain for Genting from the sale of its Miami property?,"Mar 27, 2023 @ 1:36pm",PROPERTY
Report: Not enough women in senior positions in Malaysia,"Mar 27, 2023 @ 9:33am",NATION
Sunway Healthcare sets up framework to facilitate RM5bil sustainability sukuk issuance,"Mar 24, 2023 @ 7:46pm",BUSINESS
Bursa Malaysia opens almost flat,"Mar 24, 2023 @ 10:07am",BUSINESS
"Eco World International turns in lower-than-expected loss, says Maybank IBG","Mar 23, 2023 @ 12:04pm",BUSINESS
Bursa Malaysia opens lower,"Mar 23, 2023 @ 11:07am",BUSINESS
"Bursa partners with UMW, Maybank to boost green economy","Mar 22, 2023 @ 3:38pm",BUSINESS
Bursa Malaysia opens slightly higher,"Mar 22, 2023 @ 10:24am",BUSINESS
Bursa Malaysia opens higher on improved buying sentiment,"Mar 21, 2023 @ 10:41am",BUSINESS
Country Heights fails to acquire The Heritage Tower @ Mines Wellness City,"Mar 20, 2023 @ 6:08pm",PROPERTY
Bursa Malaysia opens lower on continued caution,"Mar 20, 2023 @ 10:12am",BUSINESS
Negri and Terengganu hold their nerve to complete trebles,"Mar 19, 2023 @ 12:19am",HOCKEY
Bursa Malaysia opens higher on Wall Street rally,"Mar 17, 2023 @ 9:57am",BUSINESS
Negri eye treble after reaching Vivian May Soars Cup final,"Mar 16, 2023 @ 10:57pm",HOCKEY
I-Bhd is cautious in its business expansion given the current economic climate,"Mar 6, 2023 @ 11:29am",PROPERTY
Jong Hyun's brace helps MHL leaders THT edge Maybank,"Mar 4, 2023 @ 11:01pm",HOCKEY
Maybank IB expect domestic TIV to reach 700k this year,"Mar 3, 2023 @ 9:43am",BUSINESS
Young Tigers given a fright by battling Thunderbolts,"Mar 2, 2023 @ 11:43pm",HOCKEY
Firhan keeps Tenaga ticking,"Mar 1, 2023 @ 10:53pm",OTHERS
Azrai scores five goals as Tenaga thrash Armed Forces,"Feb 28, 2023 @ 11:18pm",HOCKEY
"Maybank IB raises UMW Holdings's earnings estimates, dividend payout ratio to 40pc","Feb 28, 2023 @ 10:01am",BUSINESS
Coach reveals why Thunderbolts low on power,"Feb 27, 2023 @ 5:38pm",HOCKEY
"Maybank's FY22 net profit grows to RM8.23bil, revenue up to RM50.19bil","Feb 27, 2023 @ 3:05pm",BUSINESS
Four Port Dickson council staff charged with bribery,"Feb 27, 2023 @ 2:52pm",CRIME & COURTS
Tigresses dent UniTen's MWHL title hopes,"Feb 26, 2023 @ 8:28pm",HOCKEY
Maybank not giving up on MHL title despite Tenaga defeat,"Feb 25, 2023 @ 11:05pm",HOCKEY
Budget for broader aspects of longer-term sustainability: Maybank president,"Feb 24, 2023 @ 11:06pm",BUSINESS
Prosecutor accuses defence witness of making contradictory statements in Syed Saddiq trial,"Feb 24, 2023 @ 4:18pm",CRIME & COURTS
Chief Justice: MACC probe against Nazlan not according to protocols,"Feb 24, 2023 @ 12:11pm",CRIME & COURTS
Bursa Malaysia opens marginally higher,"Feb 24, 2023 @ 10:34am",BUSINESS
Young Tigers give THT a fright in MHL defeat,"Feb 23, 2023 @ 10:17pm",HOCKEY
"MRCS appeal for funds to help quake victims in Turkiye, Syria","Feb 23, 2023 @ 9:10pm",NATION
Bursa Malaysia rebounds to open higher,"Feb 23, 2023 @ 10:13am",BUSINESS
Bursa Malaysia ends lower in lacklustre trading,"Feb 22, 2023 @ 6:07pm",BUSINESS
Maybank Islamic widens fund reach of urban farming,"Feb 16, 2023 @ 6:34pm",BUSINESS
Analysts positive on Farm Fresh's move to acquire The Inside Scoop,"Feb 16, 2023 @ 2:40pm",BUSINESS
"Farm Fresh's acquisition of Inside Scoop an earnings accretive, says Maybank IB","Feb 16, 2023 @ 1:11pm",BUSINESS
Bursa Malaysia opens marginally lower,"Feb 16, 2023 @ 10:08am",BUSINESS
"Infomina's IT contract with Maybank Indonesia is positive, says CGS-CIMB Research","Feb 16, 2023 @ 9:46am",BUSINESS
"Usanita inks LoI with UKM and EWA to train students, women in entrepreneurship","Feb 15, 2023 @ 10:16pm",NATION
Razie optimistic ahead of Terengganu clash,"Feb 15, 2023 @ 4:38pm",OTHERS
"Setia Fontaines, a development by SP Setia in Penang, is expanding","Feb 15, 2023 @ 12:20pm",PROPERTY
Eco Horizon benefits from business growth and employment prospects in Batu Kawan,"Feb 15, 2023 @ 10:59am",PROPERTY
Bursa Malaysia falls in early session,"Feb 15, 2023 @ 10:51am",BUSINESS
Razie hits Young Tigers with five PC goals,"Feb 14, 2023 @ 11:51pm",HOCKEY
MAM Malaysia eyes RM150-200 million AUM for new decumulation fund this year,"Feb 14, 2023 @ 4:57pm",BUSINESS
Analysts see UEM Sunrise's move to cancel a land deal in KL favourably,"Feb 13, 2023 @ 4:50pm",PROPERTY
Young Tigers yet to find their feet in MHL,"Feb 13, 2023 @ 4:32pm",HOCKEY
Maybank IB expands warrants business into IDX30,"Feb 13, 2023 @ 2:28pm",BUSINESS
Thunderbolts prepared for further thrashings,"Feb 12, 2023 @ 10:52pm",OTHERS
Turkiye earthquake victims thank Malaysians for aid,"Feb 12, 2023 @ 3:24pm",NATION
Frustrated Tenaga make Thunderbolts their victims,"Feb 11, 2023 @ 11:19pm",OTHERS
Bursa Malaysia mixed in the early trade,"Feb 10, 2023 @ 10:32am",BUSINESS
Negri women grab Charity Shield with thrilling win,"Feb 9, 2023 @ 11:59pm",HOCKEY
Top local brands made it in 2023 Graduates' Choice of Employers,"Jan 25, 2023 @ 1:38pm",BUSINESS
Bursa Malaysia ends the morning session lower,"Jan 25, 2023 @ 1:29pm",BUSINESS
Putra Brand Awards & inaugural Putra Aria Brand Awards reward consistent brand engagement with consumers,"Jan 23, 2023 @ 2:02pm",BUSINESS
"Govt and bank to forfeit property, two vehicles from rogue 1MDB ex-general counsel Jasmine Loo","Jan 20, 2023 @ 1:41pm",CRIME & COURTS
#TECH: Traditional vs virtual ang pows,"Jan 20, 2023 @ 1:41pm",BOTS
BNM likely to pause interest rate decision in first half of 2023 - Research houses,"Jan 20, 2023 @ 12:10pm",NATION
"Maybank, OCBC jointly arrange RM1.1 billion Islamic term financing for YTL green project","Jan 20, 2023 @ 10:44am",BUSINESS
Zaid blames Shafee for Najib's imprisonment,"Jan 20, 2023 @ 10:32am",CRIME & COURTS
YTL Power's unit gets RM1.1bil financing for Kulai data centre development,"Jan 19, 2023 @ 10:11pm",BUSINESS
Maybank collaborates with Perodua to provide integrated digital financial services,"Jan 18, 2023 @ 2:54pm",BUSINESS
Bursa Malaysia opens lower on mild profit-taking,"Jan 18, 2023 @ 10:18am",BUSINESS
Bursa Malaysia opens lower but rebounds thereafter,"Jan 16, 2023 @ 10:18am",BUSINESS
Bursa Malaysia higher at midday as regional bourses advance,"Jan 13, 2023 @ 1:53pm",BUSINESS
Bursa Malaysia opens higher on positive sentiment after softer US inflation,"Jan 13, 2023 @ 9:56am",BUSINESS
"Farm Fresh to meet rising demand with new expanded capacity, says Maybank IB","Jan 12, 2023 @ 9:44am",BUSINESS
Five Maybank players included in Hockey World Cup squad,"Jan 11, 2023 @ 8:14pm",HOCKEY
Bursa Malaysia opens higher but retreats slightly thereafter,"Jan 11, 2023 @ 9:56am",BUSINESS
Bursa Malaysia retreats after yesterday's gains to open lower,"Jan 10, 2023 @ 10:17am",BUSINESS
"No emails or messages to claim bonus scheme cash prize were sent out to the public, says MCMC","Jan 7, 2023 @ 2:59pm",NATION
"Ringgit outlook positive but external risks remain, says Maybank IB","Jan 5, 2023 @ 4:06pm",BUSINESS
Maybank IB expects Astro Malaysia's content cost to increase,"Dec 19, 2022 @ 10:55am",BUSINESS
KL City Hall record clean sweep in MIHL,"Dec 18, 2022 @ 8:34pm",OTHERS
KL City Hall on course for double in MIHL,"Dec 17, 2022 @ 11:53pm",OTHERS
KL City Hall maul Mighty Lions in MIHL,"Dec 17, 2022 @ 11:10am",OTHERS
i-City: Driven by an effective public-private partnership,"Dec 16, 2022 @ 10:46pm",PROPERTY
Axis Reit raises RM175mil from private placement,"Dec 16, 2022 @ 5:26pm",BUSINESS
Ex-Sabah Railway chief engineer freed of money laundering charges,"Dec 16, 2022 @ 4:07pm",CRIME & COURTS
Malaysian economy to moderate in 2023: Economists,"Dec 16, 2022 @ 10:15am",BUSINESS
Indoor Hockey: KL City Hall maintain perfect record,"Dec 15, 2022 @ 10:16pm",OTHERS
Economists: Malaysia's economy to moderate in 2023,"Dec 15, 2022 @ 6:06pm",NATION
No suspicions when millions deposited into Najib's accounts when he's the PM - Witness,"Dec 14, 2022 @ 9:40pm",CRIME & COURTS
Najib himself gave Shahrir RM1 million cheque - MACC officer,"Dec 14, 2022 @ 9:37pm",NATION
Bankers just can't cash in,"Dec 14, 2022 @ 9:13pm",OTHERS
DBKL take revenge against Armed Forces,"Dec 13, 2022 @ 11:22pm",OTHERS
Bursa Malaysia opens slightly higher in line with Wall Street gains,"Dec 13, 2022 @ 9:59am",BUSINESS
Masum give Gladiators a fright in indoor hockey,"Dec 12, 2022 @ 8:11pm",OTHERS
"Maybank Islamic targets 100,000 new credit cards next year","Dec 12, 2022 @ 4:57pm",BUSINESS
"Boy, 3, needs RM50,000 for hole in heart surgery","Dec 12, 2022 @ 2:44pm",NATION
Bursa Malaysia retreats to open lower,"Dec 12, 2022 @ 9:55am",BUSINESS
KL City Hall hit seven past Mutiara Penang in indoor hockey,"Dec 11, 2022 @ 7:33pm",OTHERS
